drawing_id,difficulty_tier,profile_type,material,thickness,dimensions_mm,bend_count,return_bends_count,generation_status,export_status,validation_status,artifact_paths,notes
S1-001,hard,shutter_slat,GI,1.2,220x14,8,0,VERIFIED,VERIFIED,VERIFIED,C:\Users\Sai Rolotech\Downloads\sai-rolotech-smart-engines-main\sai-rolotech-smart-engines-main\artifacts\batch_stage1_20_cases\exports\S1-001\roll_set.dxf; C:\Users\Sai Rolotech\Downloads\sai-rolotech-smart-engines-main\sai-rolotech-smart-engines-main\artifacts\batch_stage1_20_cases\exports\S1-001\shaft_layout.dxf; C:\Users\Sai Rolotech\Downloads\sai-rolotech-smart-engines-main\sai-rolotech-smart-engines-main\artifacts\batch_stage1_20_cases\exports\S1-001\assembly.dxf; C:\Users\Sai Rolotech\Downloads\sai-rolotech-smart-engines-main\sai-rolotech-smart-engines-main\artifacts\batch_stage1_20_cases\exports\S1-001\roll_s01.stp; C:\Users\Sai Rolotech\Downloads\sai-rolotech-smart-engines-main\sai-rolotech-smart-engines-main\artifacts\batch_stage1_20_cases\exports\S1-001\roll_s02.stp; C:\Users\Sai Rolotech\Downloads\sai-rolotech-smart-engines-main\sai-rolotech-smart-engines-main\artifacts\batch_stage1_20_cases\exports\S1-001\roll_s03.stp; C:\Users\Sai Rolotech\Downloads\sai-rolotech-smart-engines-main\sai-rolotech-smart-engines-main\artifacts\batch_stage1_20_cases\exports\S1-001\roll_s04.stp; C:\Users\Sai Rolotech\Downloads\sai-rolotech-smart-engines-main\sai-rolotech-smart-engines-main\artifacts\batch_stage1_20_cases\exports\S1-001\roll_s05.stp; C:\Users\Sai Rolotech\Downloads\sai-rolotech-smart-engines-main\sai-rolotech-smart-engines-main\artifacts\batch_stage1_20_cases\exports\S1-001\roll_s06.stp; C:\Users\Sai Rolotech\Downloads\sai-rolotech-smart-engines-main\sai-rolotech-smart-engines-main\artifacts\batch_stage1_20_cases\exports\S1-001\roll_s07.stp; C:\Users\Sai Rolotech\Downloads\sai-rolotech-smart-engines-main\sai-rolotech-smart-engines-main\artifacts\batch_stage1_20_cases\exports\S1-001\roll_s08.stp; C:\Users\Sai Rolotech\Downloads\sai-rolotech-smart-engines-main\sai-rolotech-smart-engines-main\artifacts\batch_stage1_20_cases\exports\S1-001\roll_s09.stp; C:\Users\Sai Rolotech\Downloads\sai-rolotech-smart-engines-main\sai-rolotech-smart-engines-main\artifacts\batch_stage1_20_cases\exports\S1-001\roll_s10.stp; C:\Users\Sai Rolotech\Downloads\sai-rolotech-smart-engines-main\sai-rolotech-smart-engines-main\artifacts\batch_stage1_20_cases\exports\S1-001\roll_s11.stp; C:\Users\Sai Rolotech\Downloads\sai-rolotech-smart-engines-main\sai-rolotech-smart-engines-main\artifacts\batch_stage1_20_cases\exports\S1-001\roll_s12.stp; C:\Users\Sai Rolotech\Downloads\sai-rolotech-smart-engines-main\sai-rolotech-smart-engines-main\artifacts\batch_stage1_20_cases\exports\S1-001\roll_s13.stp; C:\Users\Sai Rolotech\Downloads\sai-rolotech-smart-engines-main\sai-rolotech-smart-engines-main\artifacts\batch_stage1_20_cases\exports\S1-001\roll_s14.stp; C:\Users\Sai Rolotech\Downloads\sai-rolotech-smart-engines-main\sai-rolotech-smart-engines-main\artifacts\batch_stage1_20_cases\exports\S1-001\roll_s15.stp; C:\Users\Sai Rolotech\Downloads\sai-rolotech-smart-engines-main\sai-rolotech-smart-engines-main\artifacts\batch_stage1_20_cases\exports\S1-001\roll_s16.stp; C:\Users\Sai Rolotech\Downloads\sai-rolotech-smart-engines-main\sai-rolotech-smart-engines-main\artifacts\batch_stage1_20_cases\exports\S1-001\roll_s17.stp; C:\Users\Sai Rolotech\Downloads\sai-rolotech-smart-engines-main\sai-rolotech-smart-engines-main\artifacts\batch_stage1_20_cases\exports\S1-001\roll_s30.stp; C:\Users\Sai Rolotech\Downloads\sai-rolotech-smart-engines-main\sai-rolotech-smart-engines-main\artifacts\batch_stage1_20_cases\exports\S1-001\shaft.stp; C:\Users\Sai Rolotech\Downloads\sai-rolotech-smart-engines-main\sai-rolotech-smart-engines-main\artifacts\batch_stage1_20_cases\previews\S1-001_flower.svg; C:\Users\Sai Rolotech\Downloads\sai-rolotech-smart-engines-main\sai-rolotech-smart-engines-main\artifacts\batch_stage1_20_cases\previews\S1-001_roll_station_01.svg; C:\Users\Sai Rolotech\Downloads\sai-rolotech-smart-engines-main\sai-rolotech-smart-engines-main\artifacts\batch_stage1_20_cases\previews\S1-001_roll_station_last.svg; C:\Users\Sai Rolotech\Downloads\sai-rolotech-smart-engines-main\sai-rolotech-smart-engines-main\artifacts\batch_stage1_20_cases\outputs\S1-001_process_card.txt; C:\Users\Sai Rolotech\Downloads\sai-rolotech-smart-engines-main\sai-rolotech-smart-engines-main\artifacts\batch_stage1_20_cases\outputs\S1-001_output.json,
S1-002,hard,shutter_slat,GI,1.4,260x16,10,0,VERIFIED,VERIFIED,VERIFIED,C:\Users\Sai Rolotech\Downloads\sai-rolotech-smart-engines-main\sai-rolotech-smart-engines-main\artifacts\batch_stage1_20_cases\exports\S1-002\roll_set.dxf; C:\Users\Sai Rolotech\Downloads\sai-rolotech-smart-engines-main\sai-rolotech-smart-engines-main\artifacts\batch_stage1_20_cases\exports\S1-002\shaft_layout.dxf; C:\Users\Sai Rolotech\Downloads\sai-rolotech-smart-engines-main\sai-rolotech-smart-engines-main\artifacts\batch_stage1_20_cases\exports\S1-002\assembly.dxf; C:\Users\Sai Rolotech\Downloads\sai-rolotech-smart-engines-main\sai-rolotech-smart-engines-main\artifacts\batch_stage1_20_cases\exports\S1-002\roll_s01.stp; C:\Users\Sai Rolotech\Downloads\sai-rolotech-smart-engines-main\sai-rolotech-smart-engines-main\artifacts\batch_stage1_20_cases\exports\S1-002\roll_s02.stp; C:\Users\Sai Rolotech\Downloads\sai-rolotech-smart-engines-main\sai-rolotech-smart-engines-main\artifacts\batch_stage1_20_cases\exports\S1-002\roll_s03.stp; C:\Users\Sai Rolotech\Downloads\sai-rolotech-smart-engines-main\sai-rolotech-smart-engines-main\artifacts\batch_stage1_20_cases\exports\S1-002\roll_s04.stp; C:\Users\Sai Rolotech\Downloads\sai-rolotech-smart-engines-main\sai-rolotech-smart-engines-main\artifacts\batch_stage1_20_cases\exports\S1-002\roll_s05.stp; C:\Users\Sai Rolotech\Downloads\sai-rolotech-smart-engines-main\sai-rolotech-smart-engines-main\artifacts\batch_stage1_20_cases\exports\S1-002\roll_s06.stp; C:\Users\Sai Rolotech\Downloads\sai-rolotech-smart-engines-main\sai-rolotech-smart-engines-main\artifacts\batch_stage1_20_cases\exports\S1-002\roll_s07.stp; C:\Users\Sai Rolotech\Downloads\sai-rolotech-smart-engines-main\sai-rolotech-smart-engines-main\artifacts\batch_stage1_20_cases\exports\S1-002\roll_s08.stp; C:\Users\Sai Rolotech\Downloads\sai-rolotech-smart-engines-main\sai-rolotech-smart-engines-main\artifacts\batch_stage1_20_cases\exports\S1-002\roll_s09.stp; C:\Users\Sai Rolotech\Downloads\sai-rolotech-smart-engines-main\sai-rolotech-smart-engines-main\artifacts\batch_stage1_20_cases\exports\S1-002\roll_s10.stp; C:\Users\Sai Rolotech\Downloads\sai-rolotech-smart-engines-main\sai-rolotech-smart-engines-main\artifacts\batch_stage1_20_cases\exports\S1-002\roll_s11.stp; C:\Users\Sai Rolotech\Downloads\sai-rolotech-smart-engines-main\sai-rolotech-smart-engines-main\artifacts\batch_stage1_20_cases\exports\S1-002\roll_s12.stp; C:\Users\Sai Rolotech\Downloads\sai-rolotech-smart-engines-main\sai-rolotech-smart-engines-main\artifacts\batch_stage1_20_cases\exports\S1-002\roll_s13.stp; C:\Users\Sai Rolotech\Downloads\sai-rolotech-smart-engines-main\sai-rolotech-smart-engines-main\artifacts\batch_stage1_20_cases\exports\S1-002\roll_s14.stp; C:\Users\Sai Rolotech\Downloads\sai-rolotech-smart-engines-main\sai-rolotech-smart-engines-main\artifacts\batch_stage1_20_cases\exports\S1-002\roll_s15.stp; C:\Users\Sai Rolotech\Downloads\sai-rolotech-smart-engines-main\sai-rolotech-smart-engines-main\artifacts\batch_stage1_20_cases\exports\S1-002\roll_s16.stp; C:\Users\Sai Rolotech\Downloads\sai-rolotech-smart-engines-main\sai-rolotech-smart-engines-main\artifacts\batch_stage1_20_cases\exports\S1-002\roll_s17.stp; C:\Users\Sai Rolotech\Downloads\sai-rolotech-smart-engines-main\sai-rolotech-smart-engines-main\artifacts\batch_stage1_20_cases\exports\S1-002\roll_s18.stp; C:\Users\Sai Rolotech\Downloads\sai-rolotech-smart-engines-main\sai-rolotech-smart-engines-main\artifacts\batch_stage1_20_cases\exports\S1-002\roll_s19.stp; C:\Users\Sai Rolotech\Downloads\sai-rolotech-smart-engines-main\sai-rolotech-smart-engines-main\artifacts\batch_stage1_20_cases\exports\S1-002\roll_s20.stp; C:\Users\Sai Rolotech\Downloads\sai-rolotech-smart-engines-main\sai-rolotech-smart-engines-main\artifacts\batch_stage1_20_cases\exports\S1-002\roll_s21.stp; C:\Users\Sai Rolotech\Downloads\sai-rolotech-smart-engines-main\sai-rolotech-smart-engines-main\artifacts\batch_stage1_20_cases\exports\S1-002\roll_s30.stp; C:\Users\Sai Rolotech\Downloads\sai-rolotech-smart-engines-main\sai-rolotech-smart-engines-main\artifacts\batch_stage1_20_cases\exports\S1-002\shaft.stp; C:\Users\Sai Rolotech\Downloads\sai-rolotech-smart-engines-main\sai-rolotech-smart-engines-main\artifacts\batch_stage1_20_cases\previews\S1-002_flower.svg; C:\Users\Sai Rolotech\Downloads\sai-rolotech-smart-engines-main\sai-rolotech-smart-engines-main\artifacts\batch_stage1_20_cases\previews\S1-002_roll_station_01.svg; C:\Users\Sai Rolotech\Downloads\sai-rolotech-smart-engines-main\sai-rolotech-smart-engines-main\artifacts\batch_stage1_20_cases\previews\S1-002_roll_station_last.svg; C:\Users\Sai Rolotech\Downloads\sai-rolotech-smart-engines-main\sai-rolotech-smart-engines-main\artifacts\batch_stage1_20_cases\outputs\S1-002_process_card.txt; C:\Users\Sai Rolotech\Downloads\sai-rolotech-smart-engines-main\sai-rolotech-smart-engines-main\artifacts\batch_stage1_20_cases\outputs\S1-002_output.json,
S1-003,hard,door_frame,MS,2.5,95x68,4,2,VERIFIED,VERIFIED,VERIFIED,C:\Users\Sai Rolotech\Downloads\sai-rolotech-smart-engines-main\sai-rolotech-smart-engines-main\artifacts\batch_stage1_20_cases\exports\S1-003\roll_set.dxf; C:\Users\Sai Rolotech\Downloads\sai-rolotech-smart-engines-main\sai-rolotech-smart-engines-main\artifacts\batch_stage1_20_cases\exports\S1-003\shaft_layout.dxf; C:\Users\Sai Rolotech\Downloads\sai-rolotech-smart-engines-main\sai-rolotech-smart-engines-main\artifacts\batch_stage1_20_cases\exports\S1-003\assembly.dxf; C:\Users\Sai Rolotech\Downloads\sai-rolotech-smart-engines-main\sai-rolotech-smart-engines-main\artifacts\batch_stage1_20_cases\exports\S1-003\roll_s01.stp; C:\Users\Sai Rolotech\Downloads\sai-rolotech-smart-engines-main\sai-rolotech-smart-engines-main\artifacts\batch_stage1_20_cases\exports\S1-003\roll_s02.stp; C:\Users\Sai Rolotech\Downloads\sai-rolotech-smart-engines-main\sai-rolotech-smart-engines-main\artifacts\batch_stage1_20_cases\exports\S1-003\roll_s03.stp; C:\Users\Sai Rolotech\Downloads\sai-rolotech-smart-engines-main\sai-rolotech-smart-engines-main\artifacts\batch_stage1_20_cases\exports\S1-003\roll_s04.stp; C:\Users\Sai Rolotech\Downloads\sai-rolotech-smart-engines-main\sai-rolotech-smart-engines-main\artifacts\batch_stage1_20_cases\exports\S1-003\roll_s05.stp; C:\Users\Sai Rolotech\Downloads\sai-rolotech-smart-engines-main\sai-rolotech-smart-engines-main\artifacts\batch_stage1_20_cases\exports\S1-003\roll_s06.stp; C:\Users\Sai Rolotech\Downloads\sai-rolotech-smart-engines-main\sai-rolotech-smart-engines-main\artifacts\batch_stage1_20_cases\exports\S1-003\roll_s07.stp; C:\Users\Sai Rolotech\Downloads\sai-rolotech-smart-engines-main\sai-rolotech-smart-engines-main\artifacts\batch_stage1_20_cases\exports\S1-003\roll_s08.stp; C:\Users\Sai Rolotech\Downloads\sai-rolotech-smart-engines-main\sai-rolotech-smart-engines-main\artifacts\batch_stage1_20_cases\exports\S1-003\roll_s09.stp; C:\Users\Sai Rolotech\Downloads\sai-rolotech-smart-engines-main\sai-rolotech-smart-engines-main\artifacts\batch_stage1_20_cases\exports\S1-003\roll_s10.stp; C:\Users\Sai Rolotech\Downloads\sai-rolotech-smart-engines-main\sai-rolotech-smart-engines-main\artifacts\batch_stage1_20_cases\exports\S1-003\roll_s11.stp; C:\Users\Sai Rolotech\Downloads\sai-rolotech-smart-engines-main\sai-rolotech-smart-engines-main\artifacts\batch_stage1_20_cases\exports\S1-003\roll_s12.stp; C:\Users\Sai Rolotech\Downloads\sai-rolotech-smart-engines-main\sai-rolotech-smart-engines-main\artifacts\batch_stage1_20_cases\exports\S1-003\roll_s13.stp; C:\Users\Sai Rolotech\Downloads\sai-rolotech-smart-engines-main\sai-rolotech-smart-engines-main\artifacts\batch_stage1_20_cases\exports\S1-003\roll_s30.stp; C:\Users\Sai Rolotech\Downloads\sai-rolotech-smart-engines-main\sai-rolotech-smart-engines-main\artifacts\batch_stage1_20_cases\exports\S1-003\shaft.stp; C:\Users\Sai Rolotech\Downloads\sai-rolotech-smart-engines-main\sai-rolotech-smart-engines-main\artifacts\batch_stage1_20_cases\previews\S1-003_flower.svg; C:\Users\Sai Rolotech\Downloads\sai-rolotech-smart-engines-main\sai-rolotech-smart-engines-main\artifacts\batch_stage1_20_cases\previews\S1-003_roll_station_01.svg; C:\Users\Sai Rolotech\Downloads\sai-rolotech-smart-engines-main\sai-rolotech-smart-engines-main\artifacts\batch_stage1_20_cases\previews\S1-003_roll_station_last.svg; C:\Users\Sai Rolotech\Downloads\sai-rolotech-smart-engines-main\sai-rolotech-smart-engines-main\artifacts\batch_stage1_20_cases\outputs\S1-003_process_card.txt; C:\Users\Sai Rolotech\Downloads\sai-rolotech-smart-engines-main\sai-rolotech-smart-engines-main\artifacts\batch_stage1_20_cases\outputs\S1-003_output.json,
S1-004,hard,lipped_channel,SS,1.0,120x45,5,0,VERIFIED,VERIFIED,VERIFIED,C:\Users\Sai Rolotech\Downloads\sai-rolotech-smart-engines-main\sai-rolotech-smart-engines-main\artifacts\batch_stage1_20_cases\exports\S1-004\roll_set.dxf; C:\Users\Sai Rolotech\Downloads\sai-rolotech-smart-engines-main\sai-rolotech-smart-engines-main\artifacts\batch_stage1_20_cases\exports\S1-004\shaft_layout.dxf; C:\Users\Sai Rolotech\Downloads\sai-rolotech-smart-engines-main\sai-rolotech-smart-engines-main\artifacts\batch_stage1_20_cases\exports\S1-004\assembly.dxf; C:\Users\Sai Rolotech\Downloads\sai-rolotech-smart-engines-main\sai-rolotech-smart-engines-main\artifacts\batch_stage1_20_cases\exports\S1-004\roll_s01.stp; C:\Users\Sai Rolotech\Downloads\sai-rolotech-smart-engines-main\sai-rolotech-smart-engines-main\artifacts\batch_stage1_20_cases\exports\S1-004\roll_s02.stp; C:\Users\Sai Rolotech\Downloads\sai-rolotech-smart-engines-main\sai-rolotech-smart-engines-main\artifacts\batch_stage1_20_cases\exports\S1-004\roll_s03.stp; C:\Users\Sai Rolotech\Downloads\sai-rolotech-smart-engines-main\sai-rolotech-smart-engines-main\artifacts\batch_stage1_20_cases\exports\S1-004\roll_s04.stp; C:\Users\Sai Rolotech\Downloads\sai-rolotech-smart-engines-main\sai-rolotech-smart-engines-main\artifacts\batch_stage1_20_cases\exports\S1-004\roll_s05.stp; C:\Users\Sai Rolotech\Downloads\sai-rolotech-smart-engines-main\sai-rolotech-smart-engines-main\artifacts\batch_stage1_20_cases\exports\S1-004\roll_s06.stp; C:\Users\Sai Rolotech\Downloads\sai-rolotech-smart-engines-main\sai-rolotech-smart-engines-main\artifacts\batch_stage1_20_cases\exports\S1-004\roll_s07.stp; C:\Users\Sai Rolotech\Downloads\sai-rolotech-smart-engines-main\sai-rolotech-smart-engines-main\artifacts\batch_stage1_20_cases\exports\S1-004\roll_s08.stp; C:\Users\Sai Rolotech\Downloads\sai-rolotech-smart-engines-main\sai-rolotech-smart-engines-main\artifacts\batch_stage1_20_cases\exports\S1-004\roll_s09.stp; C:\Users\Sai Rolotech\Downloads\sai-rolotech-smart-engines-main\sai-rolotech-smart-engines-main\artifacts\batch_stage1_20_cases\exports\S1-004\roll_s10.stp; C:\Users\Sai Rolotech\Downloads\sai-rolotech-smart-engines-main\sai-rolotech-smart-engines-main\artifacts\batch_stage1_20_cases\exports\S1-004\roll_s11.stp; C:\Users\Sai Rolotech\Downloads\sai-rolotech-smart-engines-main\sai-rolotech-smart-engines-main\artifacts\batch_stage1_20_cases\exports\S1-004\roll_s12.stp; C:\Users\Sai Rolotech\Downloads\sai-rolotech-smart-engines-main\sai-rolotech-smart-engines-main\artifacts\batch_stage1_20_cases\exports\S1-004\roll_s13.stp; C:\Users\Sai Rolotech\Downloads\sai-rolotech-smart-engines-main\sai-rolotech-smart-engines-main\artifacts\batch_stage1_20_cases\exports\S1-004\roll_s14.stp; C:\Users\Sai Rolotech\Downloads\sai-rolotech-smart-engines-main\sai-rolotech-smart-engines-main\artifacts\batch_stage1_20_cases\exports\S1-004\roll_s15.stp; C:\Users\Sai Rolotech\Downloads\sai-rolotech-smart-engines-main\sai-rolotech-smart-engines-main\artifacts\batch_stage1_20_cases\exports\S1-004\roll_s30.stp; C:\Users\Sai Rolotech\Downloads\sai-rolotech-smart-engines-main\sai-rolotech-smart-engines-main\artifacts\batch_stage1_20_cases\exports\S1-004\shaft.stp; C:\Users\Sai Rolotech\Downloads\sai-rolotech-smart-engines-main\sai-rolotech-smart-engines-main\artifacts\batch_stage1_20_cases\previews\S1-004_flower.svg; C:\Users\Sai Rolotech\Downloads\sai-rolotech-smart-engines-main\sai-rolotech-smart-engines-main\artifacts\batch_stage1_20_cases\previews\S1-004_roll_station_01.svg; C:\Users\Sai Rolotech\Downloads\sai-rolotech-smart-engines-main\sai-rolotech-smart-engines-main\artifacts\batch_stage1_20_cases\previews\S1-004_roll_station_last.svg; C:\Users\Sai Rolotech\Downloads\sai-rolotech-smart-engines-main\sai-rolotech-smart-engines-main\artifacts\batch_stage1_20_cases\outputs\S1-004_process_card.txt; C:\Users\Sai Rolotech\Downloads\sai-rolotech-smart-engines-main\sai-rolotech-smart-engines-main\artifacts\batch_stage1_20_cases\outputs\S1-004_output.json,
S1-005,hard,lipped_channel,HR,3.0,140x60,6,0,VERIFIED,VERIFIED,VERIFIED,C:\Users\Sai Rolotech\Downloads\sai-rolotech-smart-engines-main\sai-rolotech-smart-engines-main\artifacts\batch_stage1_20_cases\exports\S1-005\roll_set.dxf; C:\Users\Sai Rolotech\Downloads\sai-rolotech-smart-engines-main\sai-rolotech-smart-engines-main\artifacts\batch_stage1_20_cases\exports\S1-005\shaft_layout.dxf; C:\Users\Sai Rolotech\Downloads\sai-rolotech-smart-engines-main\sai-rolotech-smart-engines-main\artifacts\batch_stage1_20_cases\exports\S1-005\assembly.dxf; C:\Users\Sai Rolotech\Downloads\sai-rolotech-smart-engines-main\sai-rolotech-smart-engines-main\artifacts\batch_stage1_20_cases\exports\S1-005\roll_s01.stp; C:\Users\Sai Rolotech\Downloads\sai-rolotech-smart-engines-main\sai-rolotech-smart-engines-main\artifacts\batch_stage1_20_cases\exports\S1-005\roll_s02.stp; C:\Users\Sai Rolotech\Downloads\sai-rolotech-smart-engines-main\sai-rolotech-smart-engines-main\artifacts\batch_stage1_20_cases\exports\S1-005\roll_s03.stp; C:\Users\Sai Rolotech\Downloads\sai-rolotech-smart-engines-main\sai-rolotech-smart-engines-main\artifacts\batch_stage1_20_cases\exports\S1-005\roll_s04.stp; C:\Users\Sai Rolotech\Downloads\sai-rolotech-smart-engines-main\sai-rolotech-smart-engines-main\artifacts\batch_stage1_20_cases\exports\S1-005\roll_s05.stp; C:\Users\Sai Rolotech\Downloads\sai-rolotech-smart-engines-main\sai-rolotech-smart-engines-main\artifacts\batch_stage1_20_cases\exports\S1-005\roll_s06.stp; C:\Users\Sai Rolotech\Downloads\sai-rolotech-smart-engines-main\sai-rolotech-smart-engines-main\artifacts\batch_stage1_20_cases\exports\S1-005\roll_s07.stp; C:\Users\Sai Rolotech\Downloads\sai-rolotech-smart-engines-main\sai-rolotech-smart-engines-main\artifacts\batch_stage1_20_cases\exports\S1-005\roll_s08.stp; C:\Users\Sai Rolotech\Downloads\sai-rolotech-smart-engines-main\sai-rolotech-smart-engines-main\artifacts\batch_stage1_20_cases\exports\S1-005\roll_s09.stp; C:\Users\Sai Rolotech\Downloads\sai-rolotech-smart-engines-main\sai-rolotech-smart-engines-main\artifacts\batch_stage1_20_cases\exports\S1-005\roll_s10.stp; C:\Users\Sai Rolotech\Downloads\sai-rolotech-smart-engines-main\sai-rolotech-smart-engines-main\artifacts\batch_stage1_20_cases\exports\S1-005\roll_s11.stp; C:\Users\Sai Rolotech\Downloads\sai-rolotech-smart-engines-main\sai-rolotech-smart-engines-main\artifacts\batch_stage1_20_cases\exports\S1-005\roll_s12.stp; C:\Users\Sai Rolotech\Downloads\sai-rolotech-smart-engines-main\sai-rolotech-smart-engines-main\artifacts\batch_stage1_20_cases\exports\S1-005\roll_s13.stp; C:\Users\Sai Rolotech\Downloads\sai-rolotech-smart-engines-main\sai-rolotech-smart-engines-main\artifacts\batch_stage1_20_cases\exports\S1-005\roll_s14.stp; C:\Users\Sai Rolotech\Downloads\sai-rolotech-smart-engines-main\sai-rolotech-smart-engines-main\artifacts\batch_stage1_20_cases\exports\S1-005\roll_s15.stp; C:\Users\Sai Rolotech\Downloads\sai-rolotech-smart-engines-main\sai-rolotech-smart-engines-main\artifacts\batch_stage1_20_cases\exports\S1-005\roll_s16.stp; C:\Users\Sai Rolotech\Downloads\sai-rolotech-smart-engines-main\sai-rolotech-smart-engines-main\artifacts\batch_stage1_20_cases\exports\S1-005\roll_s17.stp; C:\Users\Sai Rolotech\Downloads\sai-rolotech-smart-engines-main\sai-rolotech-smart-engines-main\artifacts\batch_stage1_20_cases\exports\S1-005\roll_s18.stp; C:\Users\Sai Rolotech\Downloads\sai-rolotech-smart-engines-main\sai-rolotech-smart-engines-main\artifacts\batch_stage1_20_cases\exports\S1-005\roll_s19.stp; C:\Users\Sai Rolotech\Downloads\sai-rolotech-smart-engines-main\sai-rolotech-smart-engines-main\artifacts\batch_stage1_20_cases\exports\S1-005\roll_s20.stp; C:\Users\Sai Rolotech\Downloads\sai-rolotech-smart-engines-main\sai-rolotech-smart-engines-main\artifacts\batch_stage1_20_cases\exports\S1-005\roll_s21.stp; C:\Users\Sai Rolotech\Downloads\sai-rolotech-smart-engines-main\sai-rolotech-smart-engines-main\artifacts\batch_stage1_20_cases\exports\S1-005\roll_s30.stp; C:\Users\Sai Rolotech\Downloads\sai-rolotech-smart-engines-main\sai-rolotech-smart-engines-main\artifacts\batch_stage1_20_cases\exports\S1-005\shaft.stp; C:\Users\Sai Rolotech\Downloads\sai-rolotech-smart-engines-main\sai-rolotech-smart-engines-main\artifacts\batch_stage1_20_cases\previews\S1-005_flower.svg; C:\Users\Sai Rolotech\Downloads\sai-rolotech-smart-engines-main\sai-rolotech-smart-engines-main\artifacts\batch_stage1_20_cases\previews\S1-005_roll_station_01.svg; C:\Users\Sai Rolotech\Downloads\sai-rolotech-smart-engines-main\sai-rolotech-smart-engines-main\artifacts\batch_stage1_20_cases\previews\S1-005_roll_station_last.svg; C:\Users\Sai Rolotech\Downloads\sai-rolotech-smart-engines-main\sai-rolotech-smart-engines-main\artifacts\batch_stage1_20_cases\outputs\S1-005_process_card.txt; C:\Users\Sai Rolotech\Downloads\sai-rolotech-smart-engines-main\sai-rolotech-smart-engines-main\artifacts\batch_stage1_20_cases\outputs\S1-005_output.json,
S1-006,hard,c_channel,CR,2.0,80x70,2,0,VERIFIED,VERIFIED,VERIFIED,C:\Users\Sai Rolotech\Downloads\sai-rolotech-smart-engines-main\sai-rolotech-smart-engines-main\artifacts\batch_stage1_20_cases\exports\S1-006\roll_set.dxf; C:\Users\Sai Rolotech\Downloads\sai-rolotech-smart-engines-main\sai-rolotech-smart-engines-main\artifacts\batch_stage1_20_cases\exports\S1-006\shaft_layout.dxf; C:\Users\Sai Rolotech\Downloads\sai-rolotech-smart-engines-main\sai-rolotech-smart-engines-main\artifacts\batch_stage1_20_cases\exports\S1-006\assembly.dxf; C:\Users\Sai Rolotech\Downloads\sai-rolotech-smart-engines-main\sai-rolotech-smart-engines-main\artifacts\batch_stage1_20_cases\exports\S1-006\roll_s01.stp; C:\Users\Sai Rolotech\Downloads\sai-rolotech-smart-engines-main\sai-rolotech-smart-engines-main\artifacts\batch_stage1_20_cases\exports\S1-006\roll_s02.stp; C:\Users\Sai Rolotech\Downloads\sai-rolotech-smart-engines-main\sai-rolotech-smart-engines-main\artifacts\batch_stage1_20_cases\exports\S1-006\roll_s03.stp; C:\Users\Sai Rolotech\Downloads\sai-rolotech-smart-engines-main\sai-rolotech-smart-engines-main\artifacts\batch_stage1_20_cases\exports\S1-006\roll_s04.stp; C:\Users\Sai Rolotech\Downloads\sai-rolotech-smart-engines-main\sai-rolotech-smart-engines-main\artifacts\batch_stage1_20_cases\exports\S1-006\roll_s05.stp; C:\Users\Sai Rolotech\Downloads\sai-rolotech-smart-engines-main\sai-rolotech-smart-engines-main\artifacts\batch_stage1_20_cases\exports\S1-006\roll_s06.stp; C:\Users\Sai Rolotech\Downloads\sai-rolotech-smart-engines-main\sai-rolotech-smart-engines-main\artifacts\batch_stage1_20_cases\exports\S1-006\roll_s07.stp; C:\Users\Sai Rolotech\Downloads\sai-rolotech-smart-engines-main\sai-rolotech-smart-engines-main\artifacts\batch_stage1_20_cases\exports\S1-006\roll_s08.stp; C:\Users\Sai Rolotech\Downloads\sai-rolotech-smart-engines-main\sai-rolotech-smart-engines-main\artifacts\batch_stage1_20_cases\exports\S1-006\roll_s09.stp; C:\Users\Sai Rolotech\Downloads\sai-rolotech-smart-engines-main\sai-rolotech-smart-engines-main\artifacts\batch_stage1_20_cases\exports\S1-006\roll_s12.stp; C:\Users\Sai Rolotech\Downloads\sai-rolotech-smart-engines-main\sai-rolotech-smart-engines-main\artifacts\batch_stage1_20_cases\exports\S1-006\shaft.stp; C:\Users\Sai Rolotech\Downloads\sai-rolotech-smart-engines-main\sai-rolotech-smart-engines-main\artifacts\batch_stage1_20_cases\previews\S1-006_flower.svg; C:\Users\Sai Rolotech\Downloads\sai-rolotech-smart-engines-main\sai-rolotech-smart-engines-main\artifacts\batch_stage1_20_cases\previews\S1-006_roll_station_01.svg; C:\Users\Sai Rolotech\Downloads\sai-rolotech-smart-engines-main\sai-rolotech-smart-engines-main\artifacts\batch_stage1_20_cases\previews\S1-006_roll_station_last.svg; C:\Users\Sai Rolotech\Downloads\sai-rolotech-smart-engines-main\sai-rolotech-smart-engines-main\artifacts\batch_stage1_20_cases\outputs\S1-006_process_card.txt; C:\Users\Sai Rolotech\Downloads\sai-rolotech-smart-engines-main\sai-rolotech-smart-engines-main\artifacts\batch_stage1_20_cases\outputs\S1-006_output.json,
S1-007,hard,hat_section,AL,1.6,240x35,4,0,VERIFIED,VERIFIED,VERIFIED,C:\Users\Sai Rolotech\Downloads\sai-rolotech-smart-engines-main\sai-rolotech-smart-engines-main\artifacts\batch_stage1_20_cases\exports\S1-007\roll_set.dxf; C:\Users\Sai Rolotech\Downloads\sai-rolotech-smart-engines-main\sai-rolotech-smart-engines-main\artifacts\batch_stage1_20_cases\exports\S1-007\shaft_layout.dxf; C:\Users\Sai Rolotech\Downloads\sai-rolotech-smart-engines-main\sai-rolotech-smart-engines-main\artifacts\batch_stage1_20_cases\exports\S1-007\assembly.dxf; C:\Users\Sai Rolotech\Downloads\sai-rolotech-smart-engines-main\sai-rolotech-smart-engines-main\artifacts\batch_stage1_20_cases\exports\S1-007\roll_s01.stp; C:\Users\Sai Rolotech\Downloads\sai-rolotech-smart-engines-main\sai-rolotech-smart-engines-main\artifacts\batch_stage1_20_cases\exports\S1-007\roll_s02.stp; C:\Users\Sai Rolotech\Downloads\sai-rolotech-smart-engines-main\sai-rolotech-smart-engines-main\artifacts\batch_stage1_20_cases\exports\S1-007\roll_s03.stp; C:\Users\Sai Rolotech\Downloads\sai-rolotech-smart-engines-main\sai-rolotech-smart-engines-main\artifacts\batch_stage1_20_cases\exports\S1-007\roll_s04.stp; C:\Users\Sai Rolotech\Downloads\sai-rolotech-smart-engines-main\sai-rolotech-smart-engines-main\artifacts\batch_stage1_20_cases\exports\S1-007\roll_s05.stp; C:\Users\Sai Rolotech\Downloads\sai-rolotech-smart-engines-main\sai-rolotech-smart-engines-main\artifacts\batch_stage1_20_cases\exports\S1-007\roll_s06.stp; C:\Users\Sai Rolotech\Downloads\sai-rolotech-smart-engines-main\sai-rolotech-smart-engines-main\artifacts\batch_stage1_20_cases\exports\S1-007\roll_s07.stp; C:\Users\Sai Rolotech\Downloads\sai-rolotech-smart-engines-main\sai-rolotech-smart-engines-main\artifacts\batch_stage1_20_cases\exports\S1-007\roll_s08.stp; C:\Users\Sai Rolotech\Downloads\sai-rolotech-smart-engines-main\sai-rolotech-smart-engines-main\artifacts\batch_stage1_20_cases\exports\S1-007\roll_s09.stp; C:\Users\Sai Rolotech\Downloads\sai-rolotech-smart-engines-main\sai-rolotech-smart-engines-main\artifacts\batch_stage1_20_cases\exports\S1-007\roll_s10.stp; C:\Users\Sai Rolotech\Downloads\sai-rolotech-smart-engines-main\sai-rolotech-smart-engines-main\artifacts\batch_stage1_20_cases\exports\S1-007\roll_s11.stp; C:\Users\Sai Rolotech\Downloads\sai-rolotech-smart-engines-main\sai-rolotech-smart-engines-main\artifacts\batch_stage1_20_cases\exports\S1-007\roll_s12.stp; C:\Users\Sai Rolotech\Downloads\sai-rolotech-smart-engines-main\sai-rolotech-smart-engines-main\artifacts\batch_stage1_20_cases\exports\S1-007\roll_s13.stp; C:\Users\Sai Rolotech\Downloads\sai-rolotech-smart-engines-main\sai-rolotech-smart-engines-main\artifacts\batch_stage1_20_cases\exports\S1-007\roll_s19.stp; C:\Users\Sai Rolotech\Downloads\sai-rolotech-smart-engines-main\sai-rolotech-smart-engines-main\artifacts\batch_stage1_20_cases\exports\S1-007\shaft.stp; C:\Users\Sai Rolotech\Downloads\sai-rolotech-smart-engines-main\sai-rolotech-smart-engines-main\artifacts\batch_stage1_20_cases\previews\S1-007_flower.svg; C:\Users\Sai Rolotech\Downloads\sai-rolotech-smart-engines-main\sai-rolotech-smart-engines-main\artifacts\batch_stage1_20_cases\previews\S1-007_roll_station_01.svg; C:\Users\Sai Rolotech\Downloads\sai-rolotech-smart-engines-main\sai-rolotech-smart-engines-main\artifacts\batch_stage1_20_cases\previews\S1-007_roll_station_last.svg; C:\Users\Sai Rolotech\Downloads\sai-rolotech-smart-engines-main\sai-rolotech-smart-engines-main\artifacts\batch_stage1_20_cases\outputs\S1-007_process_card.txt; C:\Users\Sai Rolotech\Downloads\sai-rolotech-smart-engines-main\sai-rolotech-smart-engines-main\artifacts\batch_stage1_20_cases\outputs\S1-007_output.json,
S1-008,hard,z_section,HSLA,2.8,95x55,2,1,VERIFIED,VERIFIED,VERIFIED,C:\Users\Sai Rolotech\Downloads\sai-rolotech-smart-engines-main\sai-rolotech-smart-engines-main\artifacts\batch_stage1_20_cases\exports\S1-008\roll_set.dxf; C:\Users\Sai Rolotech\Downloads\sai-rolotech-smart-engines-main\sai-rolotech-smart-engines-main\artifacts\batch_stage1_20_cases\exports\S1-008\shaft_layout.dxf; C:\Users\Sai Rolotech\Downloads\sai-rolotech-smart-engines-main\sai-rolotech-smart-engines-main\artifacts\batch_stage1_20_cases\exports\S1-008\assembly.dxf; C:\Users\Sai Rolotech\Downloads\sai-rolotech-smart-engines-main\sai-rolotech-smart-engines-main\artifacts\batch_stage1_20_cases\exports\S1-008\roll_s01.stp; C:\Users\Sai Rolotech\Downloads\sai-rolotech-smart-engines-main\sai-rolotech-smart-engines-main\artifacts\batch_stage1_20_cases\exports\S1-008\roll_s02.stp; C:\Users\Sai Rolotech\Downloads\sai-rolotech-smart-engines-main\sai-rolotech-smart-engines-main\artifacts\batch_stage1_20_cases\exports\S1-008\roll_s03.stp; C:\Users\Sai Rolotech\Downloads\sai-rolotech-smart-engines-main\sai-rolotech-smart-engines-main\artifacts\batch_stage1_20_cases\exports\S1-008\roll_s04.stp; C:\Users\Sai Rolotech\Downloads\sai-rolotech-smart-engines-main\sai-rolotech-smart-engines-main\artifacts\batch_stage1_20_cases\exports\S1-008\roll_s05.stp; C:\Users\Sai Rolotech\Downloads\sai-rolotech-smart-engines-main\sai-rolotech-smart-engines-main\artifacts\batch_stage1_20_cases\exports\S1-008\roll_s06.stp; C:\Users\Sai Rolotech\Downloads\sai-rolotech-smart-engines-main\sai-rolotech-smart-engines-main\artifacts\batch_stage1_20_cases\exports\S1-008\roll_s07.stp; C:\Users\Sai Rolotech\Downloads\sai-rolotech-smart-engines-main\sai-rolotech-smart-engines-main\artifacts\batch_stage1_20_cases\exports\S1-008\roll_s08.stp; C:\Users\Sai Rolotech\Downloads\sai-rolotech-smart-engines-main\sai-rolotech-smart-engines-main\artifacts\batch_stage1_20_cases\exports\S1-008\roll_s09.stp; C:\Users\Sai Rolotech\Downloads\sai-rolotech-smart-engines-main\sai-rolotech-smart-engines-main\artifacts\batch_stage1_20_cases\exports\S1-008\roll_s10.stp; C:\Users\Sai Rolotech\Downloads\sai-rolotech-smart-engines-main\sai-rolotech-smart-engines-main\artifacts\batch_stage1_20_cases\exports\S1-008\roll_s11.stp; C:\Users\Sai Rolotech\Downloads\sai-rolotech-smart-engines-main\sai-rolotech-smart-engines-main\artifacts\batch_stage1_20_cases\exports\S1-008\roll_s23.stp; C:\Users\Sai Rolotech\Downloads\sai-rolotech-smart-engines-main\sai-rolotech-smart-engines-main\artifacts\batch_stage1_20_cases\exports\S1-008\shaft.stp; C:\Users\Sai Rolotech\Downloads\sai-rolotech-smart-engines-main\sai-rolotech-smart-engines-main\artifacts\batch_stage1_20_cases\previews\S1-008_flower.svg; C:\Users\Sai Rolotech\Downloads\sai-rolotech-smart-engines-main\sai-rolotech-smart-engines-main\artifacts\batch_stage1_20_cases\previews\S1-008_roll_station_01.svg; C:\Users\Sai Rolotech\Downloads\sai-rolotech-smart-engines-main\sai-rolotech-smart-engines-main\artifacts\batch_stage1_20_cases\previews\S1-008_roll_station_last.svg; C:\Users\Sai Rolotech\Downloads\sai-rolotech-smart-engines-main\sai-rolotech-smart-engines-main\artifacts\batch_stage1_20_cases\outputs\S1-008_process_card.txt; C:\Users\Sai Rolotech\Downloads\sai-rolotech-smart-engines-main\sai-rolotech-smart-engines-main\artifacts\batch_stage1_20_cases\outputs\S1-008_output.json,
S1-009,hard,lipped_channel,TI,1.8,110x50,4,0,VERIFIED,VERIFIED,VERIFIED,C:\Users\Sai Rolotech\Downloads\sai-rolotech-smart-engines-main\sai-rolotech-smart-engines-main\artifacts\batch_stage1_20_cases\exports\S1-009\roll_set.dxf; C:\Users\Sai Rolotech\Downloads\sai-rolotech-smart-engines-main\sai-rolotech-smart-engines-main\artifacts\batch_stage1_20_cases\exports\S1-009\shaft_layout.dxf; C:\Users\Sai Rolotech\Downloads\sai-rolotech-smart-engines-main\sai-rolotech-smart-engines-main\artifacts\batch_stage1_20_cases\exports\S1-009\assembly.dxf; C:\Users\Sai Rolotech\Downloads\sai-rolotech-smart-engines-main\sai-rolotech-smart-engines-main\artifacts\batch_stage1_20_cases\exports\S1-009\roll_s01.stp; C:\Users\Sai Rolotech\Downloads\sai-rolotech-smart-engines-main\sai-rolotech-smart-engines-main\artifacts\batch_stage1_20_cases\exports\S1-009\roll_s02.stp; C:\Users\Sai Rolotech\Downloads\sai-rolotech-smart-engines-main\sai-rolotech-smart-engines-main\artifacts\batch_stage1_20_cases\exports\S1-009\roll_s03.stp; C:\Users\Sai Rolotech\Downloads\sai-rolotech-smart-engines-main\sai-rolotech-smart-engines-main\artifacts\batch_stage1_20_cases\exports\S1-009\roll_s04.stp; C:\Users\Sai Rolotech\Downloads\sai-rolotech-smart-engines-main\sai-rolotech-smart-engines-main\artifacts\batch_stage1_20_cases\exports\S1-009\roll_s05.stp; C:\Users\Sai Rolotech\Downloads\sai-rolotech-smart-engines-main\sai-rolotech-smart-engines-main\artifacts\batch_stage1_20_cases\exports\S1-009\roll_s06.stp; C:\Users\Sai Rolotech\Downloads\sai-rolotech-smart-engines-main\sai-rolotech-smart-engines-main\artifacts\batch_stage1_20_cases\exports\S1-009\roll_s07.stp; C:\Users\Sai Rolotech\Downloads\sai-rolotech-smart-engines-main\sai-rolotech-smart-engines-main\artifacts\batch_stage1_20_cases\exports\S1-009\roll_s08.stp; C:\Users\Sai Rolotech\Downloads\sai-rolotech-smart-engines-main\sai-rolotech-smart-engines-main\artifacts\batch_stage1_20_cases\exports\S1-009\roll_s09.stp; C:\Users\Sai Rolotech\Downloads\sai-rolotech-smart-engines-main\sai-rolotech-smart-engines-main\artifacts\batch_stage1_20_cases\exports\S1-009\roll_s10.stp; C:\Users\Sai Rolotech\Downloads\sai-rolotech-smart-engines-main\sai-rolotech-smart-engines-main\artifacts\batch_stage1_20_cases\exports\S1-009\roll_s11.stp; C:\Users\Sai Rolotech\Downloads\sai-rolotech-smart-engines-main\sai-rolotech-smart-engines-main\artifacts\batch_stage1_20_cases\exports\S1-009\roll_s12.stp; C:\Users\Sai Rolotech\Downloads\sai-rolotech-smart-engines-main\sai-rolotech-smart-engines-main\artifacts\batch_stage1_20_cases\exports\S1-009\roll_s13.stp; C:\Users\Sai Rolotech\Downloads\sai-rolotech-smart-engines-main\sai-rolotech-smart-engines-main\artifacts\batch_stage1_20_cases\exports\S1-009\roll_s14.stp; C:\Users\Sai Rolotech\Downloads\sai-rolotech-smart-engines-main\sai-rolotech-smart-engines-main\artifacts\batch_stage1_20_cases\exports\S1-009\roll_s15.stp; C:\Users\Sai Rolotech\Downloads\sai-rolotech-smart-engines-main\sai-rolotech-smart-engines-main\artifacts\batch_stage1_20_cases\exports\S1-009\roll_s16.stp; C:\Users\Sai Rolotech\Downloads\sai-rolotech-smart-engines-main\sai-rolotech-smart-engines-main\artifacts\batch_stage1_20_cases\exports\S1-009\roll_s17.stp; C:\Users\Sai Rolotech\Downloads\sai-rolotech-smart-engines-main\sai-rolotech-smart-engines-main\artifacts\batch_stage1_20_cases\exports\S1-009\roll_s30.stp; C:\Users\Sai Rolotech\Downloads\sai-rolotech-smart-engines-main\sai-rolotech-smart-engines-main\artifacts\batch_stage1_20_cases\exports\S1-009\shaft.stp; C:\Users\Sai Rolotech\Downloads\sai-rolotech-smart-engines-main\sai-rolotech-smart-engines-main\artifacts\batch_stage1_20_cases\previews\S1-009_flower.svg; C:\Users\Sai Rolotech\Downloads\sai-rolotech-smart-engines-main\sai-rolotech-smart-engines-main\artifacts\batch_stage1_20_cases\previews\S1-009_roll_station_01.svg; C:\Users\Sai Rolotech\Downloads\sai-rolotech-smart-engines-main\sai-rolotech-smart-engines-main\artifacts\batch_stage1_20_cases\previews\S1-009_roll_station_last.svg; C:\Users\Sai Rolotech\Downloads\sai-rolotech-smart-engines-main\sai-rolotech-smart-engines-main\artifacts\batch_stage1_20_cases\outputs\S1-009_process_card.txt; C:\Users\Sai Rolotech\Downloads\sai-rolotech-smart-engines-main\sai-rolotech-smart-engines-main\artifacts\batch_stage1_20_cases\outputs\S1-009_output.json,
S1-010,hard,u_channel,CU,1.2,180x50,2,0,VERIFIED,VERIFIED,VERIFIED,C:\Users\Sai Rolotech\Downloads\sai-rolotech-smart-engines-main\sai-rolotech-smart-engines-main\artifacts\batch_stage1_20_cases\exports\S1-010\roll_set.dxf; C:\Users\Sai Rolotech\Downloads\sai-rolotech-smart-engines-main\sai-rolotech-smart-engines-main\artifacts\batch_stage1_20_cases\exports\S1-010\shaft_layout.dxf; C:\Users\Sai Rolotech\Downloads\sai-rolotech-smart-engines-main\sai-rolotech-smart-engines-main\artifacts\batch_stage1_20_cases\exports\S1-010\assembly.dxf; C:\Users\Sai Rolotech\Downloads\sai-rolotech-smart-engines-main\sai-rolotech-smart-engines-main\artifacts\batch_stage1_20_cases\exports\S1-010\roll_s01.stp; C:\Users\Sai Rolotech\Downloads\sai-rolotech-smart-engines-main\sai-rolotech-smart-engines-main\artifacts\batch_stage1_20_cases\exports\S1-010\roll_s02.stp; C:\Users\Sai Rolotech\Downloads\sai-rolotech-smart-engines-main\sai-rolotech-smart-engines-main\artifacts\batch_stage1_20_cases\exports\S1-010\roll_s03.stp; C:\Users\Sai Rolotech\Downloads\sai-rolotech-smart-engines-main\sai-rolotech-smart-engines-main\artifacts\batch_stage1_20_cases\exports\S1-010\roll_s04.stp; C:\Users\Sai Rolotech\Downloads\sai-rolotech-smart-engines-main\sai-rolotech-smart-engines-main\artifacts\batch_stage1_20_cases\exports\S1-010\roll_s05.stp; C:\Users\Sai Rolotech\Downloads\sai-rolotech-smart-engines-main\sai-rolotech-smart-engines-main\artifacts\batch_stage1_20_cases\exports\S1-010\roll_s06.stp; C:\Users\Sai Rolotech\Downloads\sai-rolotech-smart-engines-main\sai-rolotech-smart-engines-main\artifacts\batch_stage1_20_cases\exports\S1-010\roll_s07.stp; C:\Users\Sai Rolotech\Downloads\sai-rolotech-smart-engines-main\sai-rolotech-smart-engines-main\artifacts\batch_stage1_20_cases\exports\S1-010\roll_s08.stp; C:\Users\Sai Rolotech\Downloads\sai-rolotech-smart-engines-main\sai-rolotech-smart-engines-main\artifacts\batch_stage1_20_cases\exports\S1-010\roll_s09.stp; C:\Users\Sai Rolotech\Downloads\sai-rolotech-smart-engines-main\sai-rolotech-smart-engines-main\artifacts\batch_stage1_20_cases\exports\S1-010\roll_s11.stp; C:\Users\Sai Rolotech\Downloads\sai-rolotech-smart-engines-main\sai-rolotech-smart-engines-main\artifacts\batch_stage1_20_cases\exports\S1-010\shaft.stp; C:\Users\Sai Rolotech\Downloads\sai-rolotech-smart-engines-main\sai-rolotech-smart-engines-main\artifacts\batch_stage1_20_cases\previews\S1-010_flower.svg; C:\Users\Sai Rolotech\Downloads\sai-rolotech-smart-engines-main\sai-rolotech-smart-engines-main\artifacts\batch_stage1_20_cases\previews\S1-010_roll_station_01.svg; C:\Users\Sai Rolotech\Downloads\sai-rolotech-smart-engines-main\sai-rolotech-smart-engines-main\artifacts\batch_stage1_20_cases\previews\S1-010_roll_station_last.svg; C:\Users\Sai Rolotech\Downloads\sai-rolotech-smart-engines-main\sai-rolotech-smart-engines-main\artifacts\batch_stage1_20_cases\outputs\S1-010_process_card.txt; C:\Users\Sai Rolotech\Downloads\sai-rolotech-smart-engines-main\sai-rolotech-smart-engines-main\artifacts\batch_stage1_20_cases\outputs\S1-010_output.json,
S1-011,hard,complex_section,GI,1.0,170x65,7,0,VERIFIED,VERIFIED,VERIFIED,C:\Users\Sai Rolotech\Downloads\sai-rolotech-smart-engines-main\sai-rolotech-smart-engines-main\artifacts\batch_stage1_20_cases\exports\S1-011\roll_set.dxf; C:\Users\Sai Rolotech\Downloads\sai-rolotech-smart-engines-main\sai-rolotech-smart-engines-main\artifacts\batch_stage1_20_cases\exports\S1-011\shaft_layout.dxf; C:\Users\Sai Rolotech\Downloads\sai-rolotech-smart-engines-main\sai-rolotech-smart-engines-main\artifacts\batch_stage1_20_cases\exports\S1-011\assembly.dxf; C:\Users\Sai Rolotech\Downloads\sai-rolotech-smart-engines-main\sai-rolotech-smart-engines-main\artifacts\batch_stage1_20_cases\exports\S1-011\roll_s01.stp; C:\Users\Sai Rolotech\Downloads\sai-rolotech-smart-engines-main\sai-rolotech-smart-engines-main\artifacts\batch_stage1_20_cases\exports\S1-011\roll_s02.stp; C:\Users\Sai Rolotech\Downloads\sai-rolotech-smart-engines-main\sai-rolotech-smart-engines-main\artifacts\batch_stage1_20_cases\exports\S1-011\roll_s03.stp; C:\Users\Sai Rolotech\Downloads\sai-rolotech-smart-engines-main\sai-rolotech-smart-engines-main\artifacts\batch_stage1_20_cases\exports\S1-011\roll_s04.stp; C:\Users\Sai Rolotech\Downloads\sai-rolotech-smart-engines-main\sai-rolotech-smart-engines-main\artifacts\batch_stage1_20_cases\exports\S1-011\roll_s05.stp; C:\Users\Sai Rolotech\Downloads\sai-rolotech-smart-engines-main\sai-rolotech-smart-engines-main\artifacts\batch_stage1_20_cases\exports\S1-011\roll_s06.stp; C:\Users\Sai Rolotech\Downloads\sai-rolotech-smart-engines-main\sai-rolotech-smart-engines-main\artifacts\batch_stage1_20_cases\exports\S1-011\roll_s07.stp; C:\Users\Sai Rolotech\Downloads\sai-rolotech-smart-engines-main\sai-rolotech-smart-engines-main\artifacts\batch_stage1_20_cases\exports\S1-011\roll_s08.stp; C:\Users\Sai Rolotech\Downloads\sai-rolotech-smart-engines-main\sai-rolotech-smart-engines-main\artifacts\batch_stage1_20_cases\exports\S1-011\roll_s09.stp; C:\Users\Sai Rolotech\Downloads\sai-rolotech-smart-engines-main\sai-rolotech-smart-engines-main\artifacts\batch_stage1_20_cases\exports\S1-011\roll_s10.stp; C:\Users\Sai Rolotech\Downloads\sai-rolotech-smart-engines-main\sai-rolotech-smart-engines-main\artifacts\batch_stage1_20_cases\exports\S1-011\roll_s11.stp; C:\Users\Sai Rolotech\Downloads\sai-rolotech-smart-engines-main\sai-rolotech-smart-engines-main\artifacts\batch_stage1_20_cases\exports\S1-011\roll_s12.stp; C:\Users\Sai Rolotech\Downloads\sai-rolotech-smart-engines-main\sai-rolotech-smart-engines-main\artifacts\batch_stage1_20_cases\exports\S1-011\roll_s13.stp; C:\Users\Sai Rolotech\Downloads\sai-rolotech-smart-engines-main\sai-rolotech-smart-engines-main\artifacts\batch_stage1_20_cases\exports\S1-011\roll_s14.stp; C:\Users\Sai Rolotech\Downloads\sai-rolotech-smart-engines-main\sai-rolotech-smart-engines-main\artifacts\batch_stage1_20_cases\exports\S1-011\roll_s15.stp; C:\Users\Sai Rolotech\Downloads\sai-rolotech-smart-engines-main\sai-rolotech-smart-engines-main\artifacts\batch_stage1_20_cases\exports\S1-011\roll_s16.stp; C:\Users\Sai Rolotech\Downloads\sai-rolotech-smart-engines-main\sai-rolotech-smart-engines-main\artifacts\batch_stage1_20_cases\exports\S1-011\roll_s17.stp; C:\Users\Sai Rolotech\Downloads\sai-rolotech-smart-engines-main\sai-rolotech-smart-engines-main\artifacts\batch_stage1_20_cases\exports\S1-011\roll_s18.stp; C:\Users\Sai Rolotech\Downloads\sai-rolotech-smart-engines-main\sai-rolotech-smart-engines-main\artifacts\batch_stage1_20_cases\exports\S1-011\roll_s19.stp; C:\Users\Sai Rolotech\Downloads\sai-rolotech-smart-engines-main\sai-rolotech-smart-engines-main\artifacts\batch_stage1_20_cases\exports\S1-011\roll_s30.stp; C:\Users\Sai Rolotech\Downloads\sai-rolotech-smart-engines-main\sai-rolotech-smart-engines-main\artifacts\batch_stage1_20_cases\exports\S1-011\shaft.stp; C:\Users\Sai Rolotech\Downloads\sai-rolotech-smart-engines-main\sai-rolotech-smart-engines-main\artifacts\batch_stage1_20_cases\previews\S1-011_flower.svg; C:\Users\Sai Rolotech\Downloads\sai-rolotech-smart-engines-main\sai-rolotech-smart-engines-main\artifacts\batch_stage1_20_cases\previews\S1-011_roll_station_01.svg; C:\Users\Sai Rolotech\Downloads\sai-rolotech-smart-engines-main\sai-rolotech-smart-engines-main\artifacts\batch_stage1_20_cases\previews\S1-011_roll_station_last.svg; C:\Users\Sai Rolotech\Downloads\sai-rolotech-smart-engines-main\sai-rolotech-smart-engines-main\artifacts\batch_stage1_20_cases\outputs\S1-011_process_card.txt; C:\Users\Sai Rolotech\Downloads\sai-rolotech-smart-engines-main\sai-rolotech-smart-engines-main\artifacts\batch_stage1_20_cases\outputs\S1-011_output.json,
S1-012,hard,lipped_channel,MS,4.0,150x80,6,0,VERIFIED,VERIFIED,VERIFIED,C:\Users\Sai Rolotech\Downloads\sai-rolotech-smart-engines-main\sai-rolotech-smart-engines-main\artifacts\batch_stage1_20_cases\exports\S1-012\roll_set.dxf; C:\Users\Sai Rolotech\Downloads\sai-rolotech-smart-engines-main\sai-rolotech-smart-engines-main\artifacts\batch_stage1_20_cases\exports\S1-012\shaft_layout.dxf; C:\Users\Sai Rolotech\Downloads\sai-rolotech-smart-engines-main\sai-rolotech-smart-engines-main\artifacts\batch_stage1_20_cases\exports\S1-012\assembly.dxf; C:\Users\Sai Rolotech\Downloads\sai-rolotech-smart-engines-main\sai-rolotech-smart-engines-main\artifacts\batch_stage1_20_cases\exports\S1-012\roll_s01.stp; C:\Users\Sai Rolotech\Downloads\sai-rolotech-smart-engines-main\sai-rolotech-smart-engines-main\artifacts\batch_stage1_20_cases\exports\S1-012\roll_s02.stp; C:\Users\Sai Rolotech\Downloads\sai-rolotech-smart-engines-main\sai-rolotech-smart-engines-main\artifacts\batch_stage1_20_cases\exports\S1-012\roll_s03.stp; C:\Users\Sai Rolotech\Downloads\sai-rolotech-smart-engines-main\sai-rolotech-smart-engines-main\artifacts\batch_stage1_20_cases\exports\S1-012\roll_s04.stp; C:\Users\Sai Rolotech\Downloads\sai-rolotech-smart-engines-main\sai-rolotech-smart-engines-main\artifacts\batch_stage1_20_cases\exports\S1-012\roll_s05.stp; C:\Users\Sai Rolotech\Downloads\sai-rolotech-smart-engines-main\sai-rolotech-smart-engines-main\artifacts\batch_stage1_20_cases\exports\S1-012\roll_s06.stp; C:\Users\Sai Rolotech\Downloads\sai-rolotech-smart-engines-main\sai-rolotech-smart-engines-main\artifacts\batch_stage1_20_cases\exports\S1-012\roll_s07.stp; C:\Users\Sai Rolotech\Downloads\sai-rolotech-smart-engines-main\sai-rolotech-smart-engines-main\artifacts\batch_stage1_20_cases\exports\S1-012\roll_s08.stp; C:\Users\Sai Rolotech\Downloads\sai-rolotech-smart-engines-main\sai-rolotech-smart-engines-main\artifacts\batch_stage1_20_cases\exports\S1-012\roll_s09.stp; C:\Users\Sai Rolotech\Downloads\sai-rolotech-smart-engines-main\sai-rolotech-smart-engines-main\artifacts\batch_stage1_20_cases\exports\S1-012\roll_s10.stp; C:\Users\Sai Rolotech\Downloads\sai-rolotech-smart-engines-main\sai-rolotech-smart-engines-main\artifacts\batch_stage1_20_cases\exports\S1-012\roll_s11.stp; C:\Users\Sai Rolotech\Downloads\sai-rolotech-smart-engines-main\sai-rolotech-smart-engines-main\artifacts\batch_stage1_20_cases\exports\S1-012\roll_s12.stp; C:\Users\Sai Rolotech\Downloads\sai-rolotech-smart-engines-main\sai-rolotech-smart-engines-main\artifacts\batch_stage1_20_cases\exports\S1-012\roll_s13.stp; C:\Users\Sai Rolotech\Downloads\sai-rolotech-smart-engines-main\sai-rolotech-smart-engines-main\artifacts\batch_stage1_20_cases\exports\S1-012\roll_s14.stp; C:\Users\Sai Rolotech\Downloads\sai-rolotech-smart-engines-main\sai-rolotech-smart-engines-main\artifacts\batch_stage1_20_cases\exports\S1-012\roll_s15.stp; C:\Users\Sai Rolotech\Downloads\sai-rolotech-smart-engines-main\sai-rolotech-smart-engines-main\artifacts\batch_stage1_20_cases\exports\S1-012\roll_s16.stp; C:\Users\Sai Rolotech\Downloads\sai-rolotech-smart-engines-main\sai-rolotech-smart-engines-main\artifacts\batch_stage1_20_cases\exports\S1-012\roll_s17.stp; C:\Users\Sai Rolotech\Downloads\sai-rolotech-smart-engines-main\sai-rolotech-smart-engines-main\artifacts\batch_stage1_20_cases\exports\S1-012\roll_s18.stp; C:\Users\Sai Rolotech\Downloads\sai-rolotech-smart-engines-main\sai-rolotech-smart-engines-main\artifacts\batch_stage1_20_cases\exports\S1-012\roll_s19.stp; C:\Users\Sai Rolotech\Downloads\sai-rolotech-smart-engines-main\sai-rolotech-smart-engines-main\artifacts\batch_stage1_20_cases\exports\S1-012\roll_s20.stp; C:\Users\Sai Rolotech\Downloads\sai-rolotech-smart-engines-main\sai-rolotech-smart-engines-main\artifacts\batch_stage1_20_cases\exports\S1-012\roll_s21.stp; C:\Users\Sai Rolotech\Downloads\sai-rolotech-smart-engines-main\sai-rolotech-smart-engines-main\artifacts\batch_stage1_20_cases\exports\S1-012\roll_s22.stp; C:\Users\Sai Rolotech\Downloads\sai-rolotech-smart-engines-main\sai-rolotech-smart-engines-main\artifacts\batch_stage1_20_cases\exports\S1-012\roll_s23.stp; C:\Users\Sai Rolotech\Downloads\sai-rolotech-smart-engines-main\sai-rolotech-smart-engines-main\artifacts\batch_stage1_20_cases\exports\S1-012\roll_s30.stp; C:\Users\Sai Rolotech\Downloads\sai-rolotech-smart-engines-main\sai-rolotech-smart-engines-main\artifacts\batch_stage1_20_cases\exports\S1-012\shaft.stp; C:\Users\Sai Rolotech\Downloads\sai-rolotech-smart-engines-main\sai-rolotech-smart-engines-main\artifacts\batch_stage1_20_cases\previews\S1-012_flower.svg; C:\Users\Sai Rolotech\Downloads\sai-rolotech-smart-engines-main\sai-rolotech-smart-engines-main\artifacts\batch_stage1_20_cases\previews\S1-012_roll_station_01.svg; C:\Users\Sai Rolotech\Downloads\sai-rolotech-smart-engines-main\sai-rolotech-smart-engines-main\artifacts\batch_stage1_20_cases\previews\S1-012_roll_station_last.svg; C:\Users\Sai Rolotech\Downloads\sai-rolotech-smart-engines-main\sai-rolotech-smart-engines-main\artifacts\batch_stage1_20_cases\outputs\S1-012_process_card.txt; C:\Users\Sai Rolotech\Downloads\sai-rolotech-smart-engines-main\sai-rolotech-smart-engines-main\artifacts\batch_stage1_20_cases\outputs\S1-012_output.json,
S1-013,hard,door_frame,SS,2.2,85x70,4,2,VERIFIED,VERIFIED,VERIFIED,C:\Users\Sai Rolotech\Downloads\sai-rolotech-smart-engines-main\sai-rolotech-smart-engines-main\artifacts\batch_stage1_20_cases\exports\S1-013\roll_set.dxf; C:\Users\Sai Rolotech\Downloads\sai-rolotech-smart-engines-main\sai-rolotech-smart-engines-main\artifacts\batch_stage1_20_cases\exports\S1-013\shaft_layout.dxf; C:\Users\Sai Rolotech\Downloads\sai-rolotech-smart-engines-main\sai-rolotech-smart-engines-main\artifacts\batch_stage1_20_cases\exports\S1-013\assembly.dxf; C:\Users\Sai Rolotech\Downloads\sai-rolotech-smart-engines-main\sai-rolotech-smart-engines-main\artifacts\batch_stage1_20_cases\exports\S1-013\roll_s01.stp; C:\Users\Sai Rolotech\Downloads\sai-rolotech-smart-engines-main\sai-rolotech-smart-engines-main\artifacts\batch_stage1_20_cases\exports\S1-013\roll_s02.stp; C:\Users\Sai Rolotech\Downloads\sai-rolotech-smart-engines-main\sai-rolotech-smart-engines-main\artifacts\batch_stage1_20_cases\exports\S1-013\roll_s03.stp; C:\Users\Sai Rolotech\Downloads\sai-rolotech-smart-engines-main\sai-rolotech-smart-engines-main\artifacts\batch_stage1_20_cases\exports\S1-013\roll_s04.stp; C:\Users\Sai Rolotech\Downloads\sai-rolotech-smart-engines-main\sai-rolotech-smart-engines-main\artifacts\batch_stage1_20_cases\exports\S1-013\roll_s05.stp; C:\Users\Sai Rolotech\Downloads\sai-rolotech-smart-engines-main\sai-rolotech-smart-engines-main\artifacts\batch_stage1_20_cases\exports\S1-013\roll_s06.stp; C:\Users\Sai Rolotech\Downloads\sai-rolotech-smart-engines-main\sai-rolotech-smart-engines-main\artifacts\batch_stage1_20_cases\exports\S1-013\roll_s07.stp; C:\Users\Sai Rolotech\Downloads\sai-rolotech-smart-engines-main\sai-rolotech-smart-engines-main\artifacts\batch_stage1_20_cases\exports\S1-013\roll_s08.stp; C:\Users\Sai Rolotech\Downloads\sai-rolotech-smart-engines-main\sai-rolotech-smart-engines-main\artifacts\batch_stage1_20_cases\exports\S1-013\roll_s09.stp; C:\Users\Sai Rolotech\Downloads\sai-rolotech-smart-engines-main\sai-rolotech-smart-engines-main\artifacts\batch_stage1_20_cases\exports\S1-013\roll_s10.stp; C:\Users\Sai Rolotech\Downloads\sai-rolotech-smart-engines-main\sai-rolotech-smart-engines-main\artifacts\batch_stage1_20_cases\exports\S1-013\roll_s11.stp; C:\Users\Sai Rolotech\Downloads\sai-rolotech-smart-engines-main\sai-rolotech-smart-engines-main\artifacts\batch_stage1_20_cases\exports\S1-013\roll_s12.stp; C:\Users\Sai Rolotech\Downloads\sai-rolotech-smart-engines-main\sai-rolotech-smart-engines-main\artifacts\batch_stage1_20_cases\exports\S1-013\roll_s13.stp; C:\Users\Sai Rolotech\Downloads\sai-rolotech-smart-engines-main\sai-rolotech-smart-engines-main\artifacts\batch_stage1_20_cases\exports\S1-013\roll_s14.stp; C:\Users\Sai Rolotech\Downloads\sai-rolotech-smart-engines-main\sai-rolotech-smart-engines-main\artifacts\batch_stage1_20_cases\exports\S1-013\roll_s15.stp; C:\Users\Sai Rolotech\Downloads\sai-rolotech-smart-engines-main\sai-rolotech-smart-engines-main\artifacts\batch_stage1_20_cases\exports\S1-013\roll_s16.stp; C:\Users\Sai Rolotech\Downloads\sai-rolotech-smart-engines-main\sai-rolotech-smart-engines-main\artifacts\batch_stage1_20_cases\exports\S1-013\roll_s17.stp; C:\Users\Sai Rolotech\Downloads\sai-rolotech-smart-engines-main\sai-rolotech-smart-engines-main\artifacts\batch_stage1_20_cases\exports\S1-013\roll_s30.stp; C:\Users\Sai Rolotech\Downloads\sai-rolotech-smart-engines-main\sai-rolotech-smart-engines-main\artifacts\batch_stage1_20_cases\exports\S1-013\shaft.stp; C:\Users\Sai Rolotech\Downloads\sai-rolotech-smart-engines-main\sai-rolotech-smart-engines-main\artifacts\batch_stage1_20_cases\previews\S1-013_flower.svg; C:\Users\Sai Rolotech\Downloads\sai-rolotech-smart-engines-main\sai-rolotech-smart-engines-main\artifacts\batch_stage1_20_cases\previews\S1-013_roll_station_01.svg; C:\Users\Sai Rolotech\Downloads\sai-rolotech-smart-engines-main\sai-rolotech-smart-engines-main\artifacts\batch_stage1_20_cases\previews\S1-013_roll_station_last.svg; C:\Users\Sai Rolotech\Downloads\sai-rolotech-smart-engines-main\sai-rolotech-smart-engines-main\artifacts\batch_stage1_20_cases\outputs\S1-013_process_card.txt; C:\Users\Sai Rolotech\Downloads\sai-rolotech-smart-engines-main\sai-rolotech-smart-engines-main\artifacts\batch_stage1_20_cases\outputs\S1-013_output.json,
S1-014,hard,shutter_slat,HR,2.6,210x20,8,0,VERIFIED,VERIFIED,VERIFIED,C:\Users\Sai Rolotech\Downloads\sai-rolotech-smart-engines-main\sai-rolotech-smart-engines-main\artifacts\batch_stage1_20_cases\exports\S1-014\roll_set.dxf; C:\Users\Sai Rolotech\Downloads\sai-rolotech-smart-engines-main\sai-rolotech-smart-engines-main\artifacts\batch_stage1_20_cases\exports\S1-014\shaft_layout.dxf; C:\Users\Sai Rolotech\Downloads\sai-rolotech-smart-engines-main\sai-rolotech-smart-engines-main\artifacts\batch_stage1_20_cases\exports\S1-014\assembly.dxf; C:\Users\Sai Rolotech\Downloads\sai-rolotech-smart-engines-main\sai-rolotech-smart-engines-main\artifacts\batch_stage1_20_cases\exports\S1-014\roll_s01.stp; C:\Users\Sai Rolotech\Downloads\sai-rolotech-smart-engines-main\sai-rolotech-smart-engines-main\artifacts\batch_stage1_20_cases\exports\S1-014\roll_s02.stp; C:\Users\Sai Rolotech\Downloads\sai-rolotech-smart-engines-main\sai-rolotech-smart-engines-main\artifacts\batch_stage1_20_cases\exports\S1-014\roll_s03.stp; C:\Users\Sai Rolotech\Downloads\sai-rolotech-smart-engines-main\sai-rolotech-smart-engines-main\artifacts\batch_stage1_20_cases\exports\S1-014\roll_s04.stp; C:\Users\Sai Rolotech\Downloads\sai-rolotech-smart-engines-main\sai-rolotech-smart-engines-main\artifacts\batch_stage1_20_cases\exports\S1-014\roll_s05.stp; C:\Users\Sai Rolotech\Downloads\sai-rolotech-smart-engines-main\sai-rolotech-smart-engines-main\artifacts\batch_stage1_20_cases\exports\S1-014\roll_s06.stp; C:\Users\Sai Rolotech\Downloads\sai-rolotech-smart-engines-main\sai-rolotech-smart-engines-main\artifacts\batch_stage1_20_cases\exports\S1-014\roll_s07.stp; C:\Users\Sai Rolotech\Downloads\sai-rolotech-smart-engines-main\sai-rolotech-smart-engines-main\artifacts\batch_stage1_20_cases\exports\S1-014\roll_s08.stp; C:\Users\Sai Rolotech\Downloads\sai-rolotech-smart-engines-main\sai-rolotech-smart-engines-main\artifacts\batch_stage1_20_cases\exports\S1-014\roll_s09.stp; C:\Users\Sai Rolotech\Downloads\sai-rolotech-smart-engines-main\sai-rolotech-smart-engines-main\artifacts\batch_stage1_20_cases\exports\S1-014\roll_s10.stp; C:\Users\Sai Rolotech\Downloads\sai-rolotech-smart-engines-main\sai-rolotech-smart-engines-main\artifacts\batch_stage1_20_cases\exports\S1-014\roll_s11.stp; C:\Users\Sai Rolotech\Downloads\sai-rolotech-smart-engines-main\sai-rolotech-smart-engines-main\artifacts\batch_stage1_20_cases\exports\S1-014\roll_s12.stp; C:\Users\Sai Rolotech\Downloads\sai-rolotech-smart-engines-main\sai-rolotech-smart-engines-main\artifacts\batch_stage1_20_cases\exports\S1-014\roll_s13.stp; C:\Users\Sai Rolotech\Downloads\sai-rolotech-smart-engines-main\sai-rolotech-smart-engines-main\artifacts\batch_stage1_20_cases\exports\S1-014\roll_s14.stp; C:\Users\Sai Rolotech\Downloads\sai-rolotech-smart-engines-main\sai-rolotech-smart-engines-main\artifacts\batch_stage1_20_cases\exports\S1-014\roll_s15.stp; C:\Users\Sai Rolotech\Downloads\sai-rolotech-smart-engines-main\sai-rolotech-smart-engines-main\artifacts\batch_stage1_20_cases\exports\S1-014\roll_s16.stp; C:\Users\Sai Rolotech\Downloads\sai-rolotech-smart-engines-main\sai-rolotech-smart-engines-main\artifacts\batch_stage1_20_cases\exports\S1-014\roll_s17.stp; C:\Users\Sai Rolotech\Downloads\sai-rolotech-smart-engines-main\sai-rolotech-smart-engines-main\artifacts\batch_stage1_20_cases\exports\S1-014\roll_s18.stp; C:\Users\Sai Rolotech\Downloads\sai-rolotech-smart-engines-main\sai-rolotech-smart-engines-main\artifacts\batch_stage1_20_cases\exports\S1-014\roll_s19.stp; C:\Users\Sai Rolotech\Downloads\sai-rolotech-smart-engines-main\sai-rolotech-smart-engines-main\artifacts\batch_stage1_20_cases\exports\S1-014\roll_s20.stp; C:\Users\Sai Rolotech\Downloads\sai-rolotech-smart-engines-main\sai-rolotech-smart-engines-main\artifacts\batch_stage1_20_cases\exports\S1-014\roll_s21.stp; C:\Users\Sai Rolotech\Downloads\sai-rolotech-smart-engines-main\sai-rolotech-smart-engines-main\artifacts\batch_stage1_20_cases\exports\S1-014\roll_s30.stp; C:\Users\Sai Rolotech\Downloads\sai-rolotech-smart-engines-main\sai-rolotech-smart-engines-main\artifacts\batch_stage1_20_cases\exports\S1-014\shaft.stp; C:\Users\Sai Rolotech\Downloads\sai-rolotech-smart-engines-main\sai-rolotech-smart-engines-main\artifacts\batch_stage1_20_cases\previews\S1-014_flower.svg; C:\Users\Sai Rolotech\Downloads\sai-rolotech-smart-engines-main\sai-rolotech-smart-engines-main\artifacts\batch_stage1_20_cases\previews\S1-014_roll_station_01.svg; C:\Users\Sai Rolotech\Downloads\sai-rolotech-smart-engines-main\sai-rolotech-smart-engines-main\artifacts\batch_stage1_20_cases\previews\S1-014_roll_station_last.svg; C:\Users\Sai Rolotech\Downloads\sai-rolotech-smart-engines-main\sai-rolotech-smart-engines-main\artifacts\batch_stage1_20_cases\outputs\S1-014_process_card.txt; C:\Users\Sai Rolotech\Downloads\sai-rolotech-smart-engines-main\sai-rolotech-smart-engines-main\artifacts\batch_stage1_20_cases\outputs\S1-014_output.json,
S1-015,hard,z_section,AL,0.8,120x45,2,1,VERIFIED,VERIFIED,VERIFIED,C:\Users\Sai Rolotech\Downloads\sai-rolotech-smart-engines-main\sai-rolotech-smart-engines-main\artifacts\batch_stage1_20_cases\exports\S1-015\roll_set.dxf; C:\Users\Sai Rolotech\Downloads\sai-rolotech-smart-engines-main\sai-rolotech-smart-engines-main\artifacts\batch_stage1_20_cases\exports\S1-015\shaft_layout.dxf; C:\Users\Sai Rolotech\Downloads\sai-rolotech-smart-engines-main\sai-rolotech-smart-engines-main\artifacts\batch_stage1_20_cases\exports\S1-015\assembly.dxf; C:\Users\Sai Rolotech\Downloads\sai-rolotech-smart-engines-main\sai-rolotech-smart-engines-main\artifacts\batch_stage1_20_cases\exports\S1-015\roll_s01.stp; C:\Users\Sai Rolotech\Downloads\sai-rolotech-smart-engines-main\sai-rolotech-smart-engines-main\artifacts\batch_stage1_20_cases\exports\S1-015\roll_s02.stp; C:\Users\Sai Rolotech\Downloads\sai-rolotech-smart-engines-main\sai-rolotech-smart-engines-main\artifacts\batch_stage1_20_cases\exports\S1-015\roll_s03.stp; C:\Users\Sai Rolotech\Downloads\sai-rolotech-smart-engines-main\sai-rolotech-smart-engines-main\artifacts\batch_stage1_20_cases\exports\S1-015\roll_s04.stp; C:\Users\Sai Rolotech\Downloads\sai-rolotech-smart-engines-main\sai-rolotech-smart-engines-main\artifacts\batch_stage1_20_cases\exports\S1-015\roll_s05.stp; C:\Users\Sai Rolotech\Downloads\sai-rolotech-smart-engines-main\sai-rolotech-smart-engines-main\artifacts\batch_stage1_20_cases\exports\S1-015\roll_s06.stp; C:\Users\Sai Rolotech\Downloads\sai-rolotech-smart-engines-main\sai-rolotech-smart-engines-main\artifacts\batch_stage1_20_cases\exports\S1-015\roll_s07.stp; C:\Users\Sai Rolotech\Downloads\sai-rolotech-smart-engines-main\sai-rolotech-smart-engines-main\artifacts\batch_stage1_20_cases\exports\S1-015\roll_s08.stp; C:\Users\Sai Rolotech\Downloads\sai-rolotech-smart-engines-main\sai-rolotech-smart-engines-main\artifacts\batch_stage1_20_cases\exports\S1-015\roll_s11.stp; C:\Users\Sai Rolotech\Downloads\sai-rolotech-smart-engines-main\sai-rolotech-smart-engines-main\artifacts\batch_stage1_20_cases\exports\S1-015\shaft.stp; C:\Users\Sai Rolotech\Downloads\sai-rolotech-smart-engines-main\sai-rolotech-smart-engines-main\artifacts\batch_stage1_20_cases\previews\S1-015_flower.svg; C:\Users\Sai Rolotech\Downloads\sai-rolotech-smart-engines-main\sai-rolotech-smart-engines-main\artifacts\batch_stage1_20_cases\previews\S1-015_roll_station_01.svg; C:\Users\Sai Rolotech\Downloads\sai-rolotech-smart-engines-main\sai-rolotech-smart-engines-main\artifacts\batch_stage1_20_cases\previews\S1-015_roll_station_last.svg; C:\Users\Sai Rolotech\Downloads\sai-rolotech-smart-engines-main\sai-rolotech-smart-engines-main\artifacts\batch_stage1_20_cases\outputs\S1-015_process_card.txt; C:\Users\Sai Rolotech\Downloads\sai-rolotech-smart-engines-main\sai-rolotech-smart-engines-main\artifacts\batch_stage1_20_cases\outputs\S1-015_output.json,
S1-016,hard,c_channel,PP,2.2,70x40,2,0,VERIFIED,VERIFIED,VERIFIED,C:\Users\Sai Rolotech\Downloads\sai-rolotech-smart-engines-main\sai-rolotech-smart-engines-main\artifacts\batch_stage1_20_cases\exports\S1-016\roll_set.dxf; C:\Users\Sai Rolotech\Downloads\sai-rolotech-smart-engines-main\sai-rolotech-smart-engines-main\artifacts\batch_stage1_20_cases\exports\S1-016\shaft_layout.dxf; C:\Users\Sai Rolotech\Downloads\sai-rolotech-smart-engines-main\sai-rolotech-smart-engines-main\artifacts\batch_stage1_20_cases\exports\S1-016\assembly.dxf; C:\Users\Sai Rolotech\Downloads\sai-rolotech-smart-engines-main\sai-rolotech-smart-engines-main\artifacts\batch_stage1_20_cases\exports\S1-016\roll_s01.stp; C:\Users\Sai Rolotech\Downloads\sai-rolotech-smart-engines-main\sai-rolotech-smart-engines-main\artifacts\batch_stage1_20_cases\exports\S1-016\roll_s02.stp; C:\Users\Sai Rolotech\Downloads\sai-rolotech-smart-engines-main\sai-rolotech-smart-engines-main\artifacts\batch_stage1_20_cases\exports\S1-016\roll_s03.stp; C:\Users\Sai Rolotech\Downloads\sai-rolotech-smart-engines-main\sai-rolotech-smart-engines-main\artifacts\batch_stage1_20_cases\exports\S1-016\roll_s04.stp; C:\Users\Sai Rolotech\Downloads\sai-rolotech-smart-engines-main\sai-rolotech-smart-engines-main\artifacts\batch_stage1_20_cases\exports\S1-016\roll_s05.stp; C:\Users\Sai Rolotech\Downloads\sai-rolotech-smart-engines-main\sai-rolotech-smart-engines-main\artifacts\batch_stage1_20_cases\exports\S1-016\roll_s06.stp; C:\Users\Sai Rolotech\Downloads\sai-rolotech-smart-engines-main\sai-rolotech-smart-engines-main\artifacts\batch_stage1_20_cases\exports\S1-016\roll_s07.stp; C:\Users\Sai Rolotech\Downloads\sai-rolotech-smart-engines-main\sai-rolotech-smart-engines-main\artifacts\batch_stage1_20_cases\exports\S1-016\roll_s12.stp; C:\Users\Sai Rolotech\Downloads\sai-rolotech-smart-engines-main\sai-rolotech-smart-engines-main\artifacts\batch_stage1_20_cases\exports\S1-016\shaft.stp; C:\Users\Sai Rolotech\Downloads\sai-rolotech-smart-engines-main\sai-rolotech-smart-engines-main\artifacts\batch_stage1_20_cases\previews\S1-016_flower.svg; C:\Users\Sai Rolotech\Downloads\sai-rolotech-smart-engines-main\sai-rolotech-smart-engines-main\artifacts\batch_stage1_20_cases\previews\S1-016_roll_station_01.svg; C:\Users\Sai Rolotech\Downloads\sai-rolotech-smart-engines-main\sai-rolotech-smart-engines-main\artifacts\batch_stage1_20_cases\previews\S1-016_roll_station_last.svg; C:\Users\Sai Rolotech\Downloads\sai-rolotech-smart-engines-main\sai-rolotech-smart-engines-main\artifacts\batch_stage1_20_cases\outputs\S1-016_process_card.txt; C:\Users\Sai Rolotech\Downloads\sai-rolotech-smart-engines-main\sai-rolotech-smart-engines-main\artifacts\batch_stage1_20_cases\outputs\S1-016_output.json,
S1-017,hard,hat_section,HSLA,3.2,260x42,4,0,VERIFIED,VERIFIED,VERIFIED,C:\Users\Sai Rolotech\Downloads\sai-rolotech-smart-engines-main\sai-rolotech-smart-engines-main\artifacts\batch_stage1_20_cases\exports\S1-017\roll_set.dxf; C:\Users\Sai Rolotech\Downloads\sai-rolotech-smart-engines-main\sai-rolotech-smart-engines-main\artifacts\batch_stage1_20_cases\exports\S1-017\shaft_layout.dxf; C:\Users\Sai Rolotech\Downloads\sai-rolotech-smart-engines-main\sai-rolotech-smart-engines-main\artifacts\batch_stage1_20_cases\exports\S1-017\assembly.dxf; C:\Users\Sai Rolotech\Downloads\sai-rolotech-smart-engines-main\sai-rolotech-smart-engines-main\artifacts\batch_stage1_20_cases\exports\S1-017\roll_s01.stp; C:\Users\Sai Rolotech\Downloads\sai-rolotech-smart-engines-main\sai-rolotech-smart-engines-main\artifacts\batch_stage1_20_cases\exports\S1-017\roll_s02.stp; C:\Users\Sai Rolotech\Downloads\sai-rolotech-smart-engines-main\sai-rolotech-smart-engines-main\artifacts\batch_stage1_20_cases\exports\S1-017\roll_s03.stp; C:\Users\Sai Rolotech\Downloads\sai-rolotech-smart-engines-main\sai-rolotech-smart-engines-main\artifacts\batch_stage1_20_cases\exports\S1-017\roll_s04.stp; C:\Users\Sai Rolotech\Downloads\sai-rolotech-smart-engines-main\sai-rolotech-smart-engines-main\artifacts\batch_stage1_20_cases\exports\S1-017\roll_s05.stp; C:\Users\Sai Rolotech\Downloads\sai-rolotech-smart-engines-main\sai-rolotech-smart-engines-main\artifacts\batch_stage1_20_cases\exports\S1-017\roll_s06.stp; C:\Users\Sai Rolotech\Downloads\sai-rolotech-smart-engines-main\sai-rolotech-smart-engines-main\artifacts\batch_stage1_20_cases\exports\S1-017\roll_s07.stp; C:\Users\Sai Rolotech\Downloads\sai-rolotech-smart-engines-main\sai-rolotech-smart-engines-main\artifacts\batch_stage1_20_cases\exports\S1-017\roll_s08.stp; C:\Users\Sai Rolotech\Downloads\sai-rolotech-smart-engines-main\sai-rolotech-smart-engines-main\artifacts\batch_stage1_20_cases\exports\S1-017\roll_s09.stp; C:\Users\Sai Rolotech\Downloads\sai-rolotech-smart-engines-main\sai-rolotech-smart-engines-main\artifacts\batch_stage1_20_cases\exports\S1-017\roll_s10.stp; C:\Users\Sai Rolotech\Downloads\sai-rolotech-smart-engines-main\sai-rolotech-smart-engines-main\artifacts\batch_stage1_20_cases\exports\S1-017\roll_s11.stp; C:\Users\Sai Rolotech\Downloads\sai-rolotech-smart-engines-main\sai-rolotech-smart-engines-main\artifacts\batch_stage1_20_cases\exports\S1-017\roll_s12.stp; C:\Users\Sai Rolotech\Downloads\sai-rolotech-smart-engines-main\sai-rolotech-smart-engines-main\artifacts\batch_stage1_20_cases\exports\S1-017\roll_s13.stp; C:\Users\Sai Rolotech\Downloads\sai-rolotech-smart-engines-main\sai-rolotech-smart-engines-main\artifacts\batch_stage1_20_cases\exports\S1-017\roll_s14.stp; C:\Users\Sai Rolotech\Downloads\sai-rolotech-smart-engines-main\sai-rolotech-smart-engines-main\artifacts\batch_stage1_20_cases\exports\S1-017\roll_s15.stp; C:\Users\Sai Rolotech\Downloads\sai-rolotech-smart-engines-main\sai-rolotech-smart-engines-main\artifacts\batch_stage1_20_cases\exports\S1-017\roll_s16.stp; C:\Users\Sai Rolotech\Downloads\sai-rolotech-smart-engines-main\sai-rolotech-smart-engines-main\artifacts\batch_stage1_20_cases\exports\S1-017\roll_s17.stp; C:\Users\Sai Rolotech\Downloads\sai-rolotech-smart-engines-main\sai-rolotech-smart-engines-main\artifacts\batch_stage1_20_cases\exports\S1-017\roll_s18.stp; C:\Users\Sai Rolotech\Downloads\sai-rolotech-smart-engines-main\sai-rolotech-smart-engines-main\artifacts\batch_stage1_20_cases\exports\S1-017\roll_s19.stp; C:\Users\Sai Rolotech\Downloads\sai-rolotech-smart-engines-main\sai-rolotech-smart-engines-main\artifacts\batch_stage1_20_cases\exports\S1-017\roll_s20.stp; C:\Users\Sai Rolotech\Downloads\sai-rolotech-smart-engines-main\sai-rolotech-smart-engines-main\artifacts\batch_stage1_20_cases\exports\S1-017\roll_s21.stp; C:\Users\Sai Rolotech\Downloads\sai-rolotech-smart-engines-main\sai-rolotech-smart-engines-main\artifacts\batch_stage1_20_cases\exports\S1-017\roll_s30.stp; C:\Users\Sai Rolotech\Downloads\sai-rolotech-smart-engines-main\sai-rolotech-smart-engines-main\artifacts\batch_stage1_20_cases\exports\S1-017\shaft.stp; C:\Users\Sai Rolotech\Downloads\sai-rolotech-smart-engines-main\sai-rolotech-smart-engines-main\artifacts\batch_stage1_20_cases\previews\S1-017_flower.svg; C:\Users\Sai Rolotech\Downloads\sai-rolotech-smart-engines-main\sai-rolotech-smart-engines-main\artifacts\batch_stage1_20_cases\previews\S1-017_roll_station_01.svg; C:\Users\Sai Rolotech\Downloads\sai-rolotech-smart-engines-main\sai-rolotech-smart-engines-main\artifacts\batch_stage1_20_cases\previews\S1-017_roll_station_last.svg; C:\Users\Sai Rolotech\Downloads\sai-rolotech-smart-engines-main\sai-rolotech-smart-engines-main\artifacts\batch_stage1_20_cases\outputs\S1-017_process_card.txt; C:\Users\Sai Rolotech\Downloads\sai-rolotech-smart-engines-main\sai-rolotech-smart-engines-main\artifacts\batch_stage1_20_cases\outputs\S1-017_output.json,
S1-018,hard,lipped_channel,CR,1.6,130x55,5,0,VERIFIED,VERIFIED,VERIFIED,C:\Users\Sai Rolotech\Downloads\sai-rolotech-smart-engines-main\sai-rolotech-smart-engines-main\artifacts\batch_stage1_20_cases\exports\S1-018\roll_set.dxf; C:\Users\Sai Rolotech\Downloads\sai-rolotech-smart-engines-main\sai-rolotech-smart-engines-main\artifacts\batch_stage1_20_cases\exports\S1-018\shaft_layout.dxf; C:\Users\Sai Rolotech\Downloads\sai-rolotech-smart-engines-main\sai-rolotech-smart-engines-main\artifacts\batch_stage1_20_cases\exports\S1-018\assembly.dxf; C:\Users\Sai Rolotech\Downloads\sai-rolotech-smart-engines-main\sai-rolotech-smart-engines-main\artifacts\batch_stage1_20_cases\exports\S1-018\roll_s01.stp; C:\Users\Sai Rolotech\Downloads\sai-rolotech-smart-engines-main\sai-rolotech-smart-engines-main\artifacts\batch_stage1_20_cases\exports\S1-018\roll_s02.stp; C:\Users\Sai Rolotech\Downloads\sai-rolotech-smart-engines-main\sai-rolotech-smart-engines-main\artifacts\batch_stage1_20_cases\exports\S1-018\roll_s03.stp; C:\Users\Sai Rolotech\Downloads\sai-rolotech-smart-engines-main\sai-rolotech-smart-engines-main\artifacts\batch_stage1_20_cases\exports\S1-018\roll_s04.stp; C:\Users\Sai Rolotech\Downloads\sai-rolotech-smart-engines-main\sai-rolotech-smart-engines-main\artifacts\batch_stage1_20_cases\exports\S1-018\roll_s05.stp; C:\Users\Sai Rolotech\Downloads\sai-rolotech-smart-engines-main\sai-rolotech-smart-engines-main\artifacts\batch_stage1_20_cases\exports\S1-018\roll_s06.stp; C:\Users\Sai Rolotech\Downloads\sai-rolotech-smart-engines-main\sai-rolotech-smart-engines-main\artifacts\batch_stage1_20_cases\exports\S1-018\roll_s07.stp; C:\Users\Sai Rolotech\Downloads\sai-rolotech-smart-engines-main\sai-rolotech-smart-engines-main\artifacts\batch_stage1_20_cases\exports\S1-018\roll_s08.stp; C:\Users\Sai Rolotech\Downloads\sai-rolotech-smart-engines-main\sai-rolotech-smart-engines-main\artifacts\batch_stage1_20_cases\exports\S1-018\roll_s09.stp; C:\Users\Sai Rolotech\Downloads\sai-rolotech-smart-engines-main\sai-rolotech-smart-engines-main\artifacts\batch_stage1_20_cases\exports\S1-018\roll_s10.stp; C:\Users\Sai Rolotech\Downloads\sai-rolotech-smart-engines-main\sai-rolotech-smart-engines-main\artifacts\batch_stage1_20_cases\exports\S1-018\roll_s11.stp; C:\Users\Sai Rolotech\Downloads\sai-rolotech-smart-engines-main\sai-rolotech-smart-engines-main\artifacts\batch_stage1_20_cases\exports\S1-018\roll_s12.stp; C:\Users\Sai Rolotech\Downloads\sai-rolotech-smart-engines-main\sai-rolotech-smart-engines-main\artifacts\batch_stage1_20_cases\exports\S1-018\roll_s13.stp; C:\Users\Sai Rolotech\Downloads\sai-rolotech-smart-engines-main\sai-rolotech-smart-engines-main\artifacts\batch_stage1_20_cases\exports\S1-018\roll_s14.stp; C:\Users\Sai Rolotech\Downloads\sai-rolotech-smart-engines-main\sai-rolotech-smart-engines-main\artifacts\batch_stage1_20_cases\exports\S1-018\roll_s15.stp; C:\Users\Sai Rolotech\Downloads\sai-rolotech-smart-engines-main\sai-rolotech-smart-engines-main\artifacts\batch_stage1_20_cases\exports\S1-018\roll_s24.stp; C:\Users\Sai Rolotech\Downloads\sai-rolotech-smart-engines-main\sai-rolotech-smart-engines-main\artifacts\batch_stage1_20_cases\exports\S1-018\shaft.stp; C:\Users\Sai Rolotech\Downloads\sai-rolotech-smart-engines-main\sai-rolotech-smart-engines-main\artifacts\batch_stage1_20_cases\previews\S1-018_flower.svg; C:\Users\Sai Rolotech\Downloads\sai-rolotech-smart-engines-main\sai-rolotech-smart-engines-main\artifacts\batch_stage1_20_cases\previews\S1-018_roll_station_01.svg; C:\Users\Sai Rolotech\Downloads\sai-rolotech-smart-engines-main\sai-rolotech-smart-engines-main\artifacts\batch_stage1_20_cases\previews\S1-018_roll_station_last.svg; C:\Users\Sai Rolotech\Downloads\sai-rolotech-smart-engines-main\sai-rolotech-smart-engines-main\artifacts\batch_stage1_20_cases\outputs\S1-018_process_card.txt; C:\Users\Sai Rolotech\Downloads\sai-rolotech-smart-engines-main\sai-rolotech-smart-engines-main\artifacts\batch_stage1_20_cases\outputs\S1-018_output.json,
S1-019,hard,door_frame,GI,1.8,100x75,4,2,VERIFIED,VERIFIED,VERIFIED,C:\Users\Sai Rolotech\Downloads\sai-rolotech-smart-engines-main\sai-rolotech-smart-engines-main\artifacts\batch_stage1_20_cases\exports\S1-019\roll_set.dxf; C:\Users\Sai Rolotech\Downloads\sai-rolotech-smart-engines-main\sai-rolotech-smart-engines-main\artifacts\batch_stage1_20_cases\exports\S1-019\shaft_layout.dxf; C:\Users\Sai Rolotech\Downloads\sai-rolotech-smart-engines-main\sai-rolotech-smart-engines-main\artifacts\batch_stage1_20_cases\exports\S1-019\assembly.dxf; C:\Users\Sai Rolotech\Downloads\sai-rolotech-smart-engines-main\sai-rolotech-smart-engines-main\artifacts\batch_stage1_20_cases\exports\S1-019\roll_s01.stp; C:\Users\Sai Rolotech\Downloads\sai-rolotech-smart-engines-main\sai-rolotech-smart-engines-main\artifacts\batch_stage1_20_cases\exports\S1-019\roll_s02.stp; C:\Users\Sai Rolotech\Downloads\sai-rolotech-smart-engines-main\sai-rolotech-smart-engines-main\artifacts\batch_stage1_20_cases\exports\S1-019\roll_s03.stp; C:\Users\Sai Rolotech\Downloads\sai-rolotech-smart-engines-main\sai-rolotech-smart-engines-main\artifacts\batch_stage1_20_cases\exports\S1-019\roll_s04.stp; C:\Users\Sai Rolotech\Downloads\sai-rolotech-smart-engines-main\sai-rolotech-smart-engines-main\artifacts\batch_stage1_20_cases\exports\S1-019\roll_s05.stp; C:\Users\Sai Rolotech\Downloads\sai-rolotech-smart-engines-main\sai-rolotech-smart-engines-main\artifacts\batch_stage1_20_cases\exports\S1-019\roll_s06.stp; C:\Users\Sai Rolotech\Downloads\sai-rolotech-smart-engines-main\sai-rolotech-smart-engines-main\artifacts\batch_stage1_20_cases\exports\S1-019\roll_s07.stp; C:\Users\Sai Rolotech\Downloads\sai-rolotech-smart-engines-main\sai-rolotech-smart-engines-main\artifacts\batch_stage1_20_cases\exports\S1-019\roll_s08.stp; C:\Users\Sai Rolotech\Downloads\sai-rolotech-smart-engines-main\sai-rolotech-smart-engines-main\artifacts\batch_stage1_20_cases\exports\S1-019\roll_s09.stp; C:\Users\Sai Rolotech\Downloads\sai-rolotech-smart-engines-main\sai-rolotech-smart-engines-main\artifacts\batch_stage1_20_cases\exports\S1-019\roll_s10.stp; C:\Users\Sai Rolotech\Downloads\sai-rolotech-smart-engines-main\sai-rolotech-smart-engines-main\artifacts\batch_stage1_20_cases\exports\S1-019\roll_s11.stp; C:\Users\Sai Rolotech\Downloads\sai-rolotech-smart-engines-main\sai-rolotech-smart-engines-main\artifacts\batch_stage1_20_cases\exports\S1-019\roll_s12.stp; C:\Users\Sai Rolotech\Downloads\sai-rolotech-smart-engines-main\sai-rolotech-smart-engines-main\artifacts\batch_stage1_20_cases\exports\S1-019\roll_s13.stp; C:\Users\Sai Rolotech\Downloads\sai-rolotech-smart-engines-main\sai-rolotech-smart-engines-main\artifacts\batch_stage1_20_cases\exports\S1-019\roll_s14.stp; C:\Users\Sai Rolotech\Downloads\sai-rolotech-smart-engines-main\sai-rolotech-smart-engines-main\artifacts\batch_stage1_20_cases\exports\S1-019\roll_s15.stp; C:\Users\Sai Rolotech\Downloads\sai-rolotech-smart-engines-main\sai-rolotech-smart-engines-main\artifacts\batch_stage1_20_cases\exports\S1-019\roll_s23.stp; C:\Users\Sai Rolotech\Downloads\sai-rolotech-smart-engines-main\sai-rolotech-smart-engines-main\artifacts\batch_stage1_20_cases\exports\S1-019\shaft.stp; C:\Users\Sai Rolotech\Downloads\sai-rolotech-smart-engines-main\sai-rolotech-smart-engines-main\artifacts\batch_stage1_20_cases\previews\S1-019_flower.svg; C:\Users\Sai Rolotech\Downloads\sai-rolotech-smart-engines-main\sai-rolotech-smart-engines-main\artifacts\batch_stage1_20_cases\previews\S1-019_roll_station_01.svg; C:\Users\Sai Rolotech\Downloads\sai-rolotech-smart-engines-main\sai-rolotech-smart-engines-main\artifacts\batch_stage1_20_cases\previews\S1-019_roll_station_last.svg; C:\Users\Sai Rolotech\Downloads\sai-rolotech-smart-engines-main\sai-rolotech-smart-engines-main\artifacts\batch_stage1_20_cases\outputs\S1-019_process_card.txt; C:\Users\Sai Rolotech\Downloads\sai-rolotech-smart-engines-main\sai-rolotech-smart-engines-main\artifacts\batch_stage1_20_cases\outputs\S1-019_output.json,
S1-020,hard,complex_section,SS,2.4,190x90,9,0,VERIFIED,VERIFIED,VERIFIED,C:\Users\Sai Rolotech\Downloads\sai-rolotech-smart-engines-main\sai-rolotech-smart-engines-main\artifacts\batch_stage1_20_cases\exports\S1-020\roll_set.dxf; C:\Users\Sai Rolotech\Downloads\sai-rolotech-smart-engines-main\sai-rolotech-smart-engines-main\artifacts\batch_stage1_20_cases\exports\S1-020\shaft_layout.dxf; C:\Users\Sai Rolotech\Downloads\sai-rolotech-smart-engines-main\sai-rolotech-smart-engines-main\artifacts\batch_stage1_20_cases\exports\S1-020\assembly.dxf; C:\Users\Sai Rolotech\Downloads\sai-rolotech-smart-engines-main\sai-rolotech-smart-engines-main\artifacts\batch_stage1_20_cases\exports\S1-020\roll_s01.stp; C:\Users\Sai Rolotech\Downloads\sai-rolotech-smart-engines-main\sai-rolotech-smart-engines-main\artifacts\batch_stage1_20_cases\exports\S1-020\roll_s02.stp; C:\Users\Sai Rolotech\Downloads\sai-rolotech-smart-engines-main\sai-rolotech-smart-engines-main\artifacts\batch_stage1_20_cases\exports\S1-020\roll_s03.stp; C:\Users\Sai Rolotech\Downloads\sai-rolotech-smart-engines-main\sai-rolotech-smart-engines-main\artifacts\batch_stage1_20_cases\exports\S1-020\roll_s04.stp; C:\Users\Sai Rolotech\Downloads\sai-rolotech-smart-engines-main\sai-rolotech-smart-engines-main\artifacts\batch_stage1_20_cases\exports\S1-020\roll_s05.stp; C:\Users\Sai Rolotech\Downloads\sai-rolotech-smart-engines-main\sai-rolotech-smart-engines-main\artifacts\batch_stage1_20_cases\exports\S1-020\roll_s06.stp; C:\Users\Sai Rolotech\Downloads\sai-rolotech-smart-engines-main\sai-rolotech-smart-engines-main\artifacts\batch_stage1_20_cases\exports\S1-020\roll_s07.stp; C:\Users\Sai Rolotech\Downloads\sai-rolotech-smart-engines-main\sai-rolotech-smart-engines-main\artifacts\batch_stage1_20_cases\exports\S1-020\roll_s08.stp; C:\Users\Sai Rolotech\Downloads\sai-rolotech-smart-engines-main\sai-rolotech-smart-engines-main\artifacts\batch_stage1_20_cases\exports\S1-020\roll_s09.stp; C:\Users\Sai Rolotech\Downloads\sai-rolotech-smart-engines-main\sai-rolotech-smart-engines-main\artifacts\batch_stage1_20_cases\exports\S1-020\roll_s10.stp; C:\Users\Sai Rolotech\Downloads\sai-rolotech-smart-engines-main\sai-rolotech-smart-engines-main\artifacts\batch_stage1_20_cases\exports\S1-020\roll_s11.stp; C:\Users\Sai Rolotech\Downloads\sai-rolotech-smart-engines-main\sai-rolotech-smart-engines-main\artifacts\batch_stage1_20_cases\exports\S1-020\roll_s12.stp; C:\Users\Sai Rolotech\Downloads\sai-rolotech-smart-engines-main\sai-rolotech-smart-engines-main\artifacts\batch_stage1_20_cases\exports\S1-020\roll_s13.stp; C:\Users\Sai Rolotech\Downloads\sai-rolotech-smart-engines-main\sai-rolotech-smart-engines-main\artifacts\batch_stage1_20_cases\exports\S1-020\roll_s14.stp; C:\Users\Sai Rolotech\Downloads\sai-rolotech-smart-engines-main\sai-rolotech-smart-engines-main\artifacts\batch_stage1_20_cases\exports\S1-020\roll_s15.stp; C:\Users\Sai Rolotech\Downloads\sai-rolotech-smart-engines-main\sai-rolotech-smart-engines-main\artifacts\batch_stage1_20_cases\exports\S1-020\roll_s16.stp; C:\Users\Sai Rolotech\Downloads\sai-rolotech-smart-engines-main\sai-rolotech-smart-engines-main\artifacts\batch_stage1_20_cases\exports\S1-020\roll_s17.stp; C:\Users\Sai Rolotech\Downloads\sai-rolotech-smart-engines-main\sai-rolotech-smart-engines-main\artifacts\batch_stage1_20_cases\exports\S1-020\roll_s18.stp; C:\Users\Sai Rolotech\Downloads\sai-rolotech-smart-engines-main\sai-rolotech-smart-engines-main\artifacts\batch_stage1_20_cases\exports\S1-020\roll_s19.stp; C:\Users\Sai Rolotech\Downloads\sai-rolotech-smart-engines-main\sai-rolotech-smart-engines-main\artifacts\batch_stage1_20_cases\exports\S1-020\roll_s20.stp; C:\Users\Sai Rolotech\Downloads\sai-rolotech-smart-engines-main\sai-rolotech-smart-engines-main\artifacts\batch_stage1_20_cases\exports\S1-020\roll_s21.stp; C:\Users\Sai Rolotech\Downloads\sai-rolotech-smart-engines-main\sai-rolotech-smart-engines-main\artifacts\batch_stage1_20_cases\exports\S1-020\roll_s22.stp; C:\Users\Sai Rolotech\Downloads\sai-rolotech-smart-engines-main\sai-rolotech-smart-engines-main\artifacts\batch_stage1_20_cases\exports\S1-020\roll_s23.stp; C:\Users\Sai Rolotech\Downloads\sai-rolotech-smart-engines-main\sai-rolotech-smart-engines-main\artifacts\batch_stage1_20_cases\exports\S1-020\roll_s24.stp; C:\Users\Sai Rolotech\Downloads\sai-rolotech-smart-engines-main\sai-rolotech-smart-engines-main\artifacts\batch_stage1_20_cases\exports\S1-020\roll_s25.stp; C:\Users\Sai Rolotech\Downloads\sai-rolotech-smart-engines-main\sai-rolotech-smart-engines-main\artifacts\batch_stage1_20_cases\exports\S1-020\roll_s30.stp; C:\Users\Sai Rolotech\Downloads\sai-rolotech-smart-engines-main\sai-rolotech-smart-engines-main\artifacts\batch_stage1_20_cases\exports\S1-020\shaft.stp; C:\Users\Sai Rolotech\Downloads\sai-rolotech-smart-engines-main\sai-rolotech-smart-engines-main\artifacts\batch_stage1_20_cases\previews\S1-020_flower.svg; C:\Users\Sai Rolotech\Downloads\sai-rolotech-smart-engines-main\sai-rolotech-smart-engines-main\artifacts\batch_stage1_20_cases\previews\S1-020_roll_station_01.svg; C:\Users\Sai Rolotech\Downloads\sai-rolotech-smart-engines-main\sai-rolotech-smart-engines-main\artifacts\batch_stage1_20_cases\previews\S1-020_roll_station_last.svg; C:\Users\Sai Rolotech\Downloads\sai-rolotech-smart-engines-main\sai-rolotech-smart-engines-main\artifacts\batch_stage1_20_cases\outputs\S1-020_process_card.txt; C:\Users\Sai Rolotech\Downloads\sai-rolotech-smart-engines-main\sai-rolotech-smart-engines-main\artifacts\batch_stage1_20_cases\outputs\S1-020_output.json,
